ISO-10303-21;
HEADER;
FILE_DESCRIPTION(('FreeCAD Model'),'2;1');
FILE_NAME('Open CASCADE Shape Model','2024-11-08T14:12:58',(''),(''),
  'Open CASCADE STEP processor 7.7','FreeCAD','Unknown');
FILE_SCHEMA(('AUTOMOTIVE_DESIGN { 1 0 10303 214 1 1 1 1 }'));
ENDSEC;
DATA;
#1 = APPLICATION_PROTOCOL_DEFINITION('international standard',
  'automotive_design',2000,#2);
#2 = APPLICATION_CONTEXT(
  'core data for automotive mechanical design processes');
#3 = SHAPE_DEFINITION_REPRESENTATION(#4,#10);
#4 = PRODUCT_DEFINITION_SHAPE('','',#5);
#5 = PRODUCT_DEFINITION('design','',#6,#9);
#6 = PRODUCT_DEFINITION_FORMATION('','',#7);
#7 = PRODUCT('base','base','',(#8));
#8 = PRODUCT_CONTEXT('',#2,'mechanical');
#9 = PRODUCT_DEFINITION_CONTEXT('part definition',#2,'design');
#10 = ADVANCED_BREP_SHAPE_REPRESENTATION('',(#11,#15),#2648);
#11 = AXIS2_PLACEMENT_3D('',#12,#13,#14);
#12 = CARTESIAN_POINT('',(0.,0.,0.));
#13 = DIRECTION('',(0.,0.,1.));
#14 = DIRECTION('',(1.,0.,-0.));
#15 = MANIFOLD_SOLID_BREP('',#16);
#16 = CLOSED_SHELL('',(#17,#57,#88,#402,#426,#916,#933,#950,#967,#984,
    #1001,#1018,#1035,#1052,#1069,#1086,#1103,#1120,#1137,#1154,#1171,
    #1188,#1200,#1231,#1255,#1279,#1303,#1327,#1351,#1375,#1399,#1423,
    #1447,#1471,#1495,#1519,#1543,#1567,#1591,#1615,#1639,#1663,#1680,
    #1705,#1736,#1760,#1784,#1801,#1826,#1851,#1876,#1907,#1931,#1955,
    #1972,#1997,#2022,#2047,#2072,#2097,#2122,#2153,#2177,#2201,#2218,
    #2243,#2268,#2293,#2318,#2343,#2368,#2393,#2418,#2449,#2473,#2497,
    #2514,#2539));
#17 = ADVANCED_FACE('',(#18),#52,.T.);
#18 = FACE_BOUND('',#19,.T.);
#19 = EDGE_LOOP('',(#20,#30,#38,#46));
#20 = ORIENTED_EDGE('',*,*,#21,.F.);
#21 = EDGE_CURVE('',#22,#24,#26,.T.);
#22 = VERTEX_POINT('',#23);
#23 = CARTESIAN_POINT('',(44.2,-44.2,-30.));
#24 = VERTEX_POINT('',#25);
#25 = CARTESIAN_POINT('',(44.2,-44.2,2.));
#26 = LINE('',#27,#28);
#27 = CARTESIAN_POINT('',(44.2,-44.2,-1.963E-14));
#28 = VECTOR('',#29,1.);
#29 = DIRECTION('',(0.,-4.4E-16,1.));
#30 = ORIENTED_EDGE('',*,*,#31,.T.);
#31 = EDGE_CURVE('',#22,#32,#34,.T.);
#32 = VERTEX_POINT('',#33);
#33 = CARTESIAN_POINT('',(44.2,-16.,-30.));
#34 = LINE('',#35,#36);
#35 = CARTESIAN_POINT('',(44.2,-44.2,-30.));
#36 = VECTOR('',#37,1.);
#37 = DIRECTION('',(0.,1.,4.4E-16));
#38 = ORIENTED_EDGE('',*,*,#39,.F.);
#39 = EDGE_CURVE('',#40,#32,#42,.T.);
#40 = VERTEX_POINT('',#41);
#41 = CARTESIAN_POINT('',(44.2,-16.,2.));
#42 = LINE('',#43,#44);
#43 = CARTESIAN_POINT('',(44.2,-16.,-7.11E-15));
#44 = VECTOR('',#45,1.);
#45 = DIRECTION('',(0.,4.4E-16,-1.));
#46 = ORIENTED_EDGE('',*,*,#47,.F.);
#47 = EDGE_CURVE('',#24,#40,#48,.T.);
#48 = LINE('',#49,#50);
#49 = CARTESIAN_POINT('',(44.2,-44.2,2.));
#50 = VECTOR('',#51,1.);
#51 = DIRECTION('',(0.,1.,4.4E-16));
#52 = PLANE('',#53);
#53 = AXIS2_PLACEMENT_3D('',#54,#55,#56);
#54 = CARTESIAN_POINT('',(44.2,-30.1,-14.));
#55 = DIRECTION('',(1.,0.,0.));
#56 = DIRECTION('',(0.,0.,1.));
#57 = ADVANCED_FACE('',(#58),#83,.T.);
#58 = FACE_BOUND('',#59,.T.);
#59 = EDGE_LOOP('',(#60,#61,#69,#77));
#60 = ORIENTED_EDGE('',*,*,#21,.T.);
#61 = ORIENTED_EDGE('',*,*,#62,.T.);
#62 = EDGE_CURVE('',#24,#63,#65,.T.);
#63 = VERTEX_POINT('',#64);
#64 = CARTESIAN_POINT('',(16.,-44.2,2.));
#65 = LINE('',#66,#67);
#66 = CARTESIAN_POINT('',(44.2,-44.2,2.));
#67 = VECTOR('',#68,1.);
#68 = DIRECTION('',(-1.,0.,0.));
#69 = ORIENTED_EDGE('',*,*,#70,.F.);
#70 = EDGE_CURVE('',#71,#63,#73,.T.);
#71 = VERTEX_POINT('',#72);
#72 = CARTESIAN_POINT('',(16.,-44.2,-30.));
#73 = LINE('',#74,#75);
#74 = CARTESIAN_POINT('',(16.,-44.2,0.));
#75 = VECTOR('',#76,1.);
#76 = DIRECTION('',(0.,0.,1.));
#77 = ORIENTED_EDGE('',*,*,#78,.F.);
#78 = EDGE_CURVE('',#22,#71,#79,.T.);
#79 = LINE('',#80,#81);
#80 = CARTESIAN_POINT('',(44.2,-44.2,-30.));
#81 = VECTOR('',#82,1.);
#82 = DIRECTION('',(-1.,0.,0.));
#83 = PLANE('',#84);
#84 = AXIS2_PLACEMENT_3D('',#85,#86,#87);
#85 = CARTESIAN_POINT('',(30.1,-44.2,-14.));
#86 = DIRECTION('',(-0.,-1.,-0.));
#87 = DIRECTION('',(0.,0.,-1.));
#88 = ADVANCED_FACE('',(#89,#235),#397,.T.);
#89 = FACE_BOUND('',#90,.T.);
#90 = EDGE_LOOP('',(#91,#92,#93,#101,#109,#117,#125,#133,#141,#149,#157,
    #165,#173,#181,#189,#197,#205,#213,#221,#229));
#91 = ORIENTED_EDGE('',*,*,#31,.F.);
#92 = ORIENTED_EDGE('',*,*,#78,.T.);
#93 = ORIENTED_EDGE('',*,*,#94,.T.);
#94 = EDGE_CURVE('',#71,#95,#97,.T.);
#95 = VERTEX_POINT('',#96);
#96 = CARTESIAN_POINT('',(16.,-67.2,-30.));
#97 = LINE('',#98,#99);
#98 = CARTESIAN_POINT('',(16.,-44.2,-30.));
#99 = VECTOR('',#100,1.);
#100 = DIRECTION('',(0.,-1.,0.));
#101 = ORIENTED_EDGE('',*,*,#102,.T.);
#102 = EDGE_CURVE('',#95,#103,#105,.T.);
#103 = VERTEX_POINT('',#104);
#104 = CARTESIAN_POINT('',(-16.,-67.2,-30.));
#105 = LINE('',#106,#107);
#106 = CARTESIAN_POINT('',(16.,-67.2,-30.));
#107 = VECTOR('',#108,1.);
#108 = DIRECTION('',(-1.,2.2E-16,0.));
#109 = ORIENTED_EDGE('',*,*,#110,.F.);
#110 = EDGE_CURVE('',#111,#103,#113,.T.);
#111 = VERTEX_POINT('',#112);
#112 = CARTESIAN_POINT('',(-16.,-44.2,-30.));
#113 = LINE('',#114,#115);
#114 = CARTESIAN_POINT('',(-16.,-44.2,-30.));
#115 = VECTOR('',#116,1.);
#116 = DIRECTION('',(-2.2E-16,-1.,-0.));
#117 = ORIENTED_EDGE('',*,*,#118,.F.);
#118 = EDGE_CURVE('',#119,#111,#121,.T.);
#119 = VERTEX_POINT('',#120);
#120 = CARTESIAN_POINT('',(-44.2,-44.2,-30.));
#121 = LINE('',#122,#123);
#122 = CARTESIAN_POINT('',(-44.2,-44.2,-30.));
#123 = VECTOR('',#124,1.);
#124 = DIRECTION('',(1.,-2.2E-16,4.4E-16));
#125 = ORIENTED_EDGE('',*,*,#126,.T.);
#126 = EDGE_CURVE('',#119,#127,#129,.T.);
#127 = VERTEX_POINT('',#128);
#128 = CARTESIAN_POINT('',(-44.2,-16.,-30.));
#129 = LINE('',#130,#131);
#130 = CARTESIAN_POINT('',(-44.2,-44.2,-30.));
#131 = VECTOR('',#132,1.);
#132 = DIRECTION('',(0.,1.,0.));
#133 = ORIENTED_EDGE('',*,*,#134,.T.);
#134 = EDGE_CURVE('',#127,#135,#137,.T.);
#135 = VERTEX_POINT('',#136);
#136 = CARTESIAN_POINT('',(-67.2,-16.,-30.));
#137 = LINE('',#138,#139);
#138 = CARTESIAN_POINT('',(-44.2,-16.,-30.));
#139 = VECTOR('',#140,1.);
#140 = DIRECTION('',(-1.,0.,0.));
#141 = ORIENTED_EDGE('',*,*,#142,.T.);
#142 = EDGE_CURVE('',#135,#143,#145,.T.);
#143 = VERTEX_POINT('',#144);
#144 = CARTESIAN_POINT('',(-67.2,16.,-30.));
#145 = LINE('',#146,#147);
#146 = CARTESIAN_POINT('',(-67.2,-16.,-30.));
#147 = VECTOR('',#148,1.);
#148 = DIRECTION('',(1.2E-16,1.,0.));
#149 = ORIENTED_EDGE('',*,*,#150,.F.);
#150 = EDGE_CURVE('',#151,#143,#153,.T.);
#151 = VERTEX_POINT('',#152);
#152 = CARTESIAN_POINT('',(-44.2,16.,-30.));
#153 = LINE('',#154,#155);
#154 = CARTESIAN_POINT('',(-44.2,16.,-30.));
#155 = VECTOR('',#156,1.);
#156 = DIRECTION('',(-1.,1.2E-16,0.));
#157 = ORIENTED_EDGE('',*,*,#158,.F.);
#158 = EDGE_CURVE('',#159,#151,#161,.T.);
#159 = VERTEX_POINT('',#160);
#160 = CARTESIAN_POINT('',(-44.2,44.2,-30.));
#161 = LINE('',#162,#163);
#162 = CARTESIAN_POINT('',(-44.2,44.2,-30.));
#163 = VECTOR('',#164,1.);
#164 = DIRECTION('',(-1.2E-16,-1.,4.4E-16));
#165 = ORIENTED_EDGE('',*,*,#166,.T.);
#166 = EDGE_CURVE('',#159,#167,#169,.T.);
#167 = VERTEX_POINT('',#168);
#168 = CARTESIAN_POINT('',(-16.,44.2,-30.));
#169 = LINE('',#170,#171);
#170 = CARTESIAN_POINT('',(-44.2,44.2,-30.));
#171 = VECTOR('',#172,1.);
#172 = DIRECTION('',(1.,0.,0.));
#173 = ORIENTED_EDGE('',*,*,#174,.T.);
#174 = EDGE_CURVE('',#167,#175,#177,.T.);
#175 = VERTEX_POINT('',#176);
#176 = CARTESIAN_POINT('',(-16.,67.2,-30.));
#177 = LINE('',#178,#179);
#178 = CARTESIAN_POINT('',(-16.,44.2,-30.));
#179 = VECTOR('',#180,1.);
#180 = DIRECTION('',(0.,1.,0.));
#181 = ORIENTED_EDGE('',*,*,#182,.T.);
#182 = EDGE_CURVE('',#175,#183,#185,.T.);
#183 = VERTEX_POINT('',#184);
#184 = CARTESIAN_POINT('',(16.,67.2,-30.));
#185 = LINE('',#186,#187);
#186 = CARTESIAN_POINT('',(-16.,67.2,-30.));
#187 = VECTOR('',#188,1.);
#188 = DIRECTION('',(1.,-1.1E-16,0.));
#189 = ORIENTED_EDGE('',*,*,#190,.F.);
#190 = EDGE_CURVE('',#191,#183,#193,.T.);
#191 = VERTEX_POINT('',#192);
#192 = CARTESIAN_POINT('',(16.,44.2,-30.));
#193 = LINE('',#194,#195);
#194 = CARTESIAN_POINT('',(16.,44.2,-30.));
#195 = VECTOR('',#196,1.);
#196 = DIRECTION('',(1.1E-16,1.,0.));
#197 = ORIENTED_EDGE('',*,*,#198,.F.);
#198 = EDGE_CURVE('',#199,#191,#201,.T.);
#199 = VERTEX_POINT('',#200);
#200 = CARTESIAN_POINT('',(44.2,44.2,-30.));
#201 = LINE('',#202,#203);
#202 = CARTESIAN_POINT('',(44.2,44.2,-30.));
#203 = VECTOR('',#204,1.);
#204 = DIRECTION('',(-1.,1.1E-16,4.4E-16));
#205 = ORIENTED_EDGE('',*,*,#206,.T.);
#206 = EDGE_CURVE('',#199,#207,#209,.T.);
#207 = VERTEX_POINT('',#208);
#208 = CARTESIAN_POINT('',(44.2,16.,-30.));
#209 = LINE('',#210,#211);
#210 = CARTESIAN_POINT('',(44.2,44.2,-30.));
#211 = VECTOR('',#212,1.);
#212 = DIRECTION('',(0.,-1.,0.));
#213 = ORIENTED_EDGE('',*,*,#214,.T.);
#214 = EDGE_CURVE('',#207,#215,#217,.T.);
#215 = VERTEX_POINT('',#216);
#216 = CARTESIAN_POINT('',(67.2,16.,-30.));
#217 = LINE('',#218,#219);
#218 = CARTESIAN_POINT('',(44.2,16.,-30.));
#219 = VECTOR('',#220,1.);
#220 = DIRECTION('',(1.,0.,0.));
#221 = ORIENTED_EDGE('',*,*,#222,.F.);
#222 = EDGE_CURVE('',#223,#215,#225,.T.);
#223 = VERTEX_POINT('',#224);
#224 = CARTESIAN_POINT('',(67.2,-16.,-30.));
#225 = LINE('',#226,#227);
#226 = CARTESIAN_POINT('',(67.2,-16.,-30.));
#227 = VECTOR('',#228,1.);
#228 = DIRECTION('',(0.,1.,4.4E-16));
#229 = ORIENTED_EDGE('',*,*,#230,.F.);
#230 = EDGE_CURVE('',#32,#223,#231,.T.);
#231 = LINE('',#232,#233);
#232 = CARTESIAN_POINT('',(44.2,-16.,-30.));
#233 = VECTOR('',#234,1.);
#234 = DIRECTION('',(1.,0.,0.));
#235 = FACE_BOUND('',#236,.T.);
#236 = EDGE_LOOP('',(#237,#247,#255,#263,#271,#279,#287,#295,#303,#311,
    #319,#327,#335,#343,#351,#359,#367,#375,#383,#391));
#237 = ORIENTED_EDGE('',*,*,#238,.F.);
#238 = EDGE_CURVE('',#239,#241,#243,.T.);
#239 = VERTEX_POINT('',#240);
#240 = CARTESIAN_POINT('',(65.2,14.,-30.));
#241 = VERTEX_POINT('',#242);
#242 = CARTESIAN_POINT('',(65.2,-14.,-30.));
#243 = LINE('',#244,#245);
#244 = CARTESIAN_POINT('',(65.2,1.332E-14,-30.));
#245 = VECTOR('',#246,1.);
#246 = DIRECTION('',(-0.,-1.,-4.4E-16));
#247 = ORIENTED_EDGE('',*,*,#248,.T.);
#248 = EDGE_CURVE('',#239,#249,#251,.T.);
#249 = VERTEX_POINT('',#250);
#250 = CARTESIAN_POINT('',(42.2,14.,-30.));
#251 = LINE('',#252,#253);
#252 = CARTESIAN_POINT('',(65.2,14.,-30.));
#253 = VECTOR('',#254,1.);
#254 = DIRECTION('',(-1.,0.,0.));
#255 = ORIENTED_EDGE('',*,*,#256,.T.);
#256 = EDGE_CURVE('',#249,#257,#259,.T.);
#257 = VERTEX_POINT('',#258);
#258 = CARTESIAN_POINT('',(42.2,42.2,-30.));
#259 = LINE('',#260,#261);
#260 = CARTESIAN_POINT('',(42.2,14.,-30.));
#261 = VECTOR('',#262,1.);
#262 = DIRECTION('',(0.,1.,0.));
#263 = ORIENTED_EDGE('',*,*,#264,.F.);
#264 = EDGE_CURVE('',#265,#257,#267,.T.);
#265 = VERTEX_POINT('',#266);
#266 = CARTESIAN_POINT('',(14.,42.2,-30.));
#267 = LINE('',#268,#269);
#268 = CARTESIAN_POINT('',(14.,42.2,-30.));
#269 = VECTOR('',#270,1.);
#270 = DIRECTION('',(1.,-1.1E-16,-4.4E-16));
#271 = ORIENTED_EDGE('',*,*,#272,.F.);
#272 = EDGE_CURVE('',#273,#265,#275,.T.);
#273 = VERTEX_POINT('',#274);
#274 = CARTESIAN_POINT('',(14.,65.2,-30.));
#275 = LINE('',#276,#277);
#276 = CARTESIAN_POINT('',(14.,65.2,-30.));
#277 = VECTOR('',#278,1.);
#278 = DIRECTION('',(-1.1E-16,-1.,-0.));
#279 = ORIENTED_EDGE('',*,*,#280,.F.);
#280 = EDGE_CURVE('',#281,#273,#283,.T.);
#281 = VERTEX_POINT('',#282);
#282 = CARTESIAN_POINT('',(-14.,65.2,-30.));
#283 = LINE('',#284,#285);
#284 = CARTESIAN_POINT('',(-6.08E-15,65.2,-30.));
#285 = VECTOR('',#286,1.);
#286 = DIRECTION('',(1.,-1.1E-16,-4.4E-16));
#287 = ORIENTED_EDGE('',*,*,#288,.T.);
#288 = EDGE_CURVE('',#281,#289,#291,.T.);
#289 = VERTEX_POINT('',#290);
#290 = CARTESIAN_POINT('',(-14.,42.2,-30.));
#291 = LINE('',#292,#293);
#292 = CARTESIAN_POINT('',(-14.,65.2,-30.));
#293 = VECTOR('',#294,1.);
#294 = DIRECTION('',(0.,-1.,0.));
#295 = ORIENTED_EDGE('',*,*,#296,.T.);
#296 = EDGE_CURVE('',#289,#297,#299,.T.);
#297 = VERTEX_POINT('',#298);
#298 = CARTESIAN_POINT('',(-42.2,42.2,-30.));
#299 = LINE('',#300,#301);
#300 = CARTESIAN_POINT('',(-14.,42.2,-30.));
#301 = VECTOR('',#302,1.);
#302 = DIRECTION('',(-1.,0.,0.));
#303 = ORIENTED_EDGE('',*,*,#304,.F.);
#304 = EDGE_CURVE('',#305,#297,#307,.T.);
#305 = VERTEX_POINT('',#306);
#306 = CARTESIAN_POINT('',(-42.2,14.,-30.));
#307 = LINE('',#308,#309);
#308 = CARTESIAN_POINT('',(-42.2,14.,-30.));
#309 = VECTOR('',#310,1.);
#310 = DIRECTION('',(1.2E-16,1.,-4.4E-16));
#311 = ORIENTED_EDGE('',*,*,#312,.F.);
#312 = EDGE_CURVE('',#313,#305,#315,.T.);
#313 = VERTEX_POINT('',#314);
#314 = CARTESIAN_POINT('',(-65.2,14.,-30.));
#315 = LINE('',#316,#317);
#316 = CARTESIAN_POINT('',(-65.2,14.,-30.));
#317 = VECTOR('',#318,1.);
#318 = DIRECTION('',(1.,-1.2E-16,0.));
#319 = ORIENTED_EDGE('',*,*,#320,.F.);
#320 = EDGE_CURVE('',#321,#313,#323,.T.);
#321 = VERTEX_POINT('',#322);
#322 = CARTESIAN_POINT('',(-65.2,-14.,-30.));
#323 = LINE('',#324,#325);
#324 = CARTESIAN_POINT('',(-65.2,-5.34E-15,-30.));
#325 = VECTOR('',#326,1.);
#326 = DIRECTION('',(1.2E-16,1.,-4.4E-16));
#327 = ORIENTED_EDGE('',*,*,#328,.T.);
#328 = EDGE_CURVE('',#321,#329,#331,.T.);
#329 = VERTEX_POINT('',#330);
#330 = CARTESIAN_POINT('',(-42.2,-14.,-30.));
#331 = LINE('',#332,#333);
#332 = CARTESIAN_POINT('',(-65.2,-14.,-30.));
#333 = VECTOR('',#334,1.);
#334 = DIRECTION('',(1.,0.,0.));
#335 = ORIENTED_EDGE('',*,*,#336,.T.);
#336 = EDGE_CURVE('',#329,#337,#339,.T.);
#337 = VERTEX_POINT('',#338);
#338 = CARTESIAN_POINT('',(-42.2,-42.2,-30.));
#339 = LINE('',#340,#341);
#340 = CARTESIAN_POINT('',(-42.2,-14.,-30.));
#341 = VECTOR('',#342,1.);
#342 = DIRECTION('',(0.,-1.,0.));
#343 = ORIENTED_EDGE('',*,*,#344,.F.);
#344 = EDGE_CURVE('',#345,#337,#347,.T.);
#345 = VERTEX_POINT('',#346);
#346 = CARTESIAN_POINT('',(-14.,-42.2,-30.));
#347 = LINE('',#348,#349);
#348 = CARTESIAN_POINT('',(-14.,-42.2,-30.));
#349 = VECTOR('',#350,1.);
#350 = DIRECTION('',(-1.,2.2E-16,-4.4E-16));
#351 = ORIENTED_EDGE('',*,*,#352,.F.);
#352 = EDGE_CURVE('',#353,#345,#355,.T.);
#353 = VERTEX_POINT('',#354);
#354 = CARTESIAN_POINT('',(-14.,-65.2,-30.));
#355 = LINE('',#356,#357);
#356 = CARTESIAN_POINT('',(-14.,-65.2,-30.));
#357 = VECTOR('',#358,1.);
#358 = DIRECTION('',(2.2E-16,1.,0.));
#359 = ORIENTED_EDGE('',*,*,#360,.F.);
#360 = EDGE_CURVE('',#361,#353,#363,.T.);
#361 = VERTEX_POINT('',#362);
#362 = CARTESIAN_POINT('',(14.,-65.2,-30.));
#363 = LINE('',#364,#365);
#364 = CARTESIAN_POINT('',(-1.15E-15,-65.2,-30.));
#365 = VECTOR('',#366,1.);
#366 = DIRECTION('',(-1.,2.2E-16,-4.4E-16));
#367 = ORIENTED_EDGE('',*,*,#368,.T.);
#368 = EDGE_CURVE('',#361,#369,#371,.T.);
#369 = VERTEX_POINT('',#370);
#370 = CARTESIAN_POINT('',(14.,-42.2,-30.));
#371 = LINE('',#372,#373);
#372 = CARTESIAN_POINT('',(14.,-65.2,-30.));
#373 = VECTOR('',#374,1.);
#374 = DIRECTION('',(0.,1.,0.));
#375 = ORIENTED_EDGE('',*,*,#376,.T.);
#376 = EDGE_CURVE('',#369,#377,#379,.T.);
#377 = VERTEX_POINT('',#378);
#378 = CARTESIAN_POINT('',(42.2,-42.2,-30.));
#379 = LINE('',#380,#381);
#380 = CARTESIAN_POINT('',(14.,-42.2,-30.));
#381 = VECTOR('',#382,1.);
#382 = DIRECTION('',(1.,0.,0.));
#383 = ORIENTED_EDGE('',*,*,#384,.F.);
#384 = EDGE_CURVE('',#385,#377,#387,.T.);
#385 = VERTEX_POINT('',#386);
#386 = CARTESIAN_POINT('',(42.2,-14.,-30.));
#387 = LINE('',#388,#389);
#388 = CARTESIAN_POINT('',(42.2,-14.,-30.));
#389 = VECTOR('',#390,1.);
#390 = DIRECTION('',(-0.,-1.,-4.4E-16));
#391 = ORIENTED_EDGE('',*,*,#392,.F.);
#392 = EDGE_CURVE('',#241,#385,#393,.T.);
#393 = LINE('',#394,#395);
#394 = CARTESIAN_POINT('',(65.2,-14.,-30.));
#395 = VECTOR('',#396,1.);
#396 = DIRECTION('',(-1.,-0.,-0.));
#397 = PLANE('',#398);
#398 = AXIS2_PLACEMENT_3D('',#399,#400,#401);
#399 = CARTESIAN_POINT('',(-6.3E-16,-6.3E-16,-30.));
#400 = DIRECTION('',(-0.,-0.,-1.));
#401 = DIRECTION('',(-1.,0.,0.));
#402 = ADVANCED_FACE('',(#403),#421,.T.);
#403 = FACE_BOUND('',#404,.T.);
#404 = EDGE_LOOP('',(#405,#406,#407,#415));
#405 = ORIENTED_EDGE('',*,*,#39,.T.);
#406 = ORIENTED_EDGE('',*,*,#230,.T.);
#407 = ORIENTED_EDGE('',*,*,#408,.F.);
#408 = EDGE_CURVE('',#409,#223,#411,.T.);
#409 = VERTEX_POINT('',#410);
#410 = CARTESIAN_POINT('',(67.2,-16.,2.));
#411 = LINE('',#412,#413);
#412 = CARTESIAN_POINT('',(67.2,-16.,-7.11E-15));
#413 = VECTOR('',#414,1.);
#414 = DIRECTION('',(0.,4.4E-16,-1.));
#415 = ORIENTED_EDGE('',*,*,#416,.F.);
#416 = EDGE_CURVE('',#40,#409,#417,.T.);
#417 = LINE('',#418,#419);
#418 = CARTESIAN_POINT('',(44.2,-16.,2.));
#419 = VECTOR('',#420,1.);
#420 = DIRECTION('',(1.,0.,0.));
#421 = PLANE('',#422);
#422 = AXIS2_PLACEMENT_3D('',#423,#424,#425);
#423 = CARTESIAN_POINT('',(55.7,-16.,-14.));
#424 = DIRECTION('',(-0.,-1.,-4.6E-16));
#425 = DIRECTION('',(0.,4.6E-16,-1.));
#426 = ADVANCED_FACE('',(#427,#566,#577,#611,#622,#633,#644,#678,#689,
    #700,#711,#722,#733,#744,#778,#789,#800,#811,#822,#833,#844,#855,
    #866,#900),#911,.T.);
#427 = FACE_BOUND('',#428,.T.);
#428 = EDGE_LOOP('',(#429,#430,#431,#439,#447,#455,#463,#471,#479,#487,
    #495,#503,#511,#519,#527,#535,#543,#551,#559,#565));
#429 = ORIENTED_EDGE('',*,*,#47,.T.);
#430 = ORIENTED_EDGE('',*,*,#416,.T.);
#431 = ORIENTED_EDGE('',*,*,#432,.T.);
#432 = EDGE_CURVE('',#409,#433,#435,.T.);
#433 = VERTEX_POINT('',#434);
#434 = CARTESIAN_POINT('',(67.2,16.,2.));
#435 = LINE('',#436,#437);
#436 = CARTESIAN_POINT('',(67.2,-16.,2.));
#437 = VECTOR('',#438,1.);
#438 = DIRECTION('',(0.,1.,4.4E-16));
#439 = ORIENTED_EDGE('',*,*,#440,.F.);
#440 = EDGE_CURVE('',#441,#433,#443,.T.);
#441 = VERTEX_POINT('',#442);
#442 = CARTESIAN_POINT('',(44.2,16.,2.));
#443 = LINE('',#444,#445);
#444 = CARTESIAN_POINT('',(44.2,16.,2.));
#445 = VECTOR('',#446,1.);
#446 = DIRECTION('',(1.,0.,0.));
#447 = ORIENTED_EDGE('',*,*,#448,.F.);
#448 = EDGE_CURVE('',#449,#441,#451,.T.);
#449 = VERTEX_POINT('',#450);
#450 = CARTESIAN_POINT('',(44.2,44.2,2.));
#451 = LINE('',#452,#453);
#452 = CARTESIAN_POINT('',(44.2,44.2,2.));
#453 = VECTOR('',#454,1.);
#454 = DIRECTION('',(0.,-1.,0.));
#455 = ORIENTED_EDGE('',*,*,#456,.T.);
#456 = EDGE_CURVE('',#449,#457,#459,.T.);
#457 = VERTEX_POINT('',#458);
#458 = CARTESIAN_POINT('',(16.,44.2,2.));
#459 = LINE('',#460,#461);
#460 = CARTESIAN_POINT('',(44.2,44.2,2.));
#461 = VECTOR('',#462,1.);
#462 = DIRECTION('',(-1.,1.1E-16,4.4E-16));
#463 = ORIENTED_EDGE('',*,*,#464,.T.);
#464 = EDGE_CURVE('',#457,#465,#467,.T.);
#465 = VERTEX_POINT('',#466);
#466 = CARTESIAN_POINT('',(16.,67.2,2.));
#467 = LINE('',#468,#469);
#468 = CARTESIAN_POINT('',(16.,44.2,2.));
#469 = VECTOR('',#470,1.);
#470 = DIRECTION('',(1.1E-16,1.,0.));
#471 = ORIENTED_EDGE('',*,*,#472,.T.);
#472 = EDGE_CURVE('',#465,#473,#475,.T.);
#473 = VERTEX_POINT('',#474);
#474 = CARTESIAN_POINT('',(-16.,67.2,2.));
#475 = LINE('',#476,#477);
#476 = CARTESIAN_POINT('',(16.,67.2,2.));
#477 = VECTOR('',#478,1.);
#478 = DIRECTION('',(-1.,1.1E-16,4.4E-16));
#479 = ORIENTED_EDGE('',*,*,#480,.F.);
#480 = EDGE_CURVE('',#481,#473,#483,.T.);
#481 = VERTEX_POINT('',#482);
#482 = CARTESIAN_POINT('',(-16.,44.2,2.));
#483 = LINE('',#484,#485);
#484 = CARTESIAN_POINT('',(-16.,44.2,2.));
#485 = VECTOR('',#486,1.);
#486 = DIRECTION('',(0.,1.,0.));
#487 = ORIENTED_EDGE('',*,*,#488,.F.);
#488 = EDGE_CURVE('',#489,#481,#491,.T.);
#489 = VERTEX_POINT('',#490);
#490 = CARTESIAN_POINT('',(-44.2,44.2,2.));
#491 = LINE('',#492,#493);
#492 = CARTESIAN_POINT('',(-44.2,44.2,2.));
#493 = VECTOR('',#494,1.);
#494 = DIRECTION('',(1.,0.,0.));
#495 = ORIENTED_EDGE('',*,*,#496,.T.);
#496 = EDGE_CURVE('',#489,#497,#499,.T.);
#497 = VERTEX_POINT('',#498);
#498 = CARTESIAN_POINT('',(-44.2,16.,2.));
#499 = LINE('',#500,#501);
#500 = CARTESIAN_POINT('',(-44.2,44.2,2.));
#501 = VECTOR('',#502,1.);
#502 = DIRECTION('',(-1.2E-16,-1.,4.4E-16));
#503 = ORIENTED_EDGE('',*,*,#504,.T.);
#504 = EDGE_CURVE('',#497,#505,#507,.T.);
#505 = VERTEX_POINT('',#506);
#506 = CARTESIAN_POINT('',(-67.2,16.,2.));
#507 = LINE('',#508,#509);
#508 = CARTESIAN_POINT('',(-44.2,16.,2.));
#509 = VECTOR('',#510,1.);
#510 = DIRECTION('',(-1.,1.2E-16,0.));
#511 = ORIENTED_EDGE('',*,*,#512,.T.);
#512 = EDGE_CURVE('',#505,#513,#515,.T.);
#513 = VERTEX_POINT('',#514);
#514 = CARTESIAN_POINT('',(-67.2,-16.,2.));
#515 = LINE('',#516,#517);
#516 = CARTESIAN_POINT('',(-67.2,16.,2.));
#517 = VECTOR('',#518,1.);
#518 = DIRECTION('',(-1.2E-16,-1.,4.4E-16));
#519 = ORIENTED_EDGE('',*,*,#520,.F.);
#520 = EDGE_CURVE('',#521,#513,#523,.T.);
#521 = VERTEX_POINT('',#522);
#522 = CARTESIAN_POINT('',(-44.2,-16.,2.));
#523 = LINE('',#524,#525);
#524 = CARTESIAN_POINT('',(-44.2,-16.,2.));
#525 = VECTOR('',#526,1.);
#526 = DIRECTION('',(-1.,0.,0.));
#527 = ORIENTED_EDGE('',*,*,#528,.F.);
#528 = EDGE_CURVE('',#529,#521,#531,.T.);
#529 = VERTEX_POINT('',#530);
#530 = CARTESIAN_POINT('',(-44.2,-44.2,2.));
#531 = LINE('',#532,#533);
#532 = CARTESIAN_POINT('',(-44.2,-44.2,2.));
#533 = VECTOR('',#534,1.);
#534 = DIRECTION('',(0.,1.,0.));
#535 = ORIENTED_EDGE('',*,*,#536,.T.);
#536 = EDGE_CURVE('',#529,#537,#539,.T.);
#537 = VERTEX_POINT('',#538);
#538 = CARTESIAN_POINT('',(-16.,-44.2,2.));
#539 = LINE('',#540,#541);
#540 = CARTESIAN_POINT('',(-44.2,-44.2,2.));
#541 = VECTOR('',#542,1.);
#542 = DIRECTION('',(1.,-2.2E-16,4.4E-16));
#543 = ORIENTED_EDGE('',*,*,#544,.T.);
#544 = EDGE_CURVE('',#537,#545,#547,.T.);
#545 = VERTEX_POINT('',#546);
#546 = CARTESIAN_POINT('',(-16.,-67.2,2.));
#547 = LINE('',#548,#549);
#548 = CARTESIAN_POINT('',(-16.,-44.2,2.));
#549 = VECTOR('',#550,1.);
#550 = DIRECTION('',(-2.2E-16,-1.,-0.));
#551 = ORIENTED_EDGE('',*,*,#552,.T.);
#552 = EDGE_CURVE('',#545,#553,#555,.T.);
#553 = VERTEX_POINT('',#554);
#554 = CARTESIAN_POINT('',(16.,-67.2,2.));
#555 = LINE('',#556,#557);
#556 = CARTESIAN_POINT('',(-16.,-67.2,2.));
#557 = VECTOR('',#558,1.);
#558 = DIRECTION('',(1.,-2.2E-16,4.4E-16));
#559 = ORIENTED_EDGE('',*,*,#560,.F.);
#560 = EDGE_CURVE('',#63,#553,#561,.T.);
#561 = LINE('',#562,#563);
#562 = CARTESIAN_POINT('',(16.,-44.2,2.));
#563 = VECTOR('',#564,1.);
#564 = DIRECTION('',(0.,-1.,0.));
#565 = ORIENTED_EDGE('',*,*,#62,.F.);
#566 = FACE_BOUND('',#567,.T.);
#567 = EDGE_LOOP('',(#568));
#568 = ORIENTED_EDGE('',*,*,#569,.T.);
#569 = EDGE_CURVE('',#570,#570,#572,.T.);
#570 = VERTEX_POINT('',#571);
#571 = CARTESIAN_POINT('',(-10.35,-63.15,2.));
#572 = CIRCLE('',#573,1.6);
#573 = AXIS2_PLACEMENT_3D('',#574,#575,#576);
#574 = CARTESIAN_POINT('',(-10.35,-61.55,2.));
#575 = DIRECTION('',(4.4E-16,0.,-1.));
#576 = DIRECTION('',(-2.2E-16,-1.,-9.68E-32));
#577 = FACE_BOUND('',#578,.T.);
#578 = EDGE_LOOP('',(#579,#589,#597,#605));
#579 = ORIENTED_EDGE('',*,*,#580,.F.);
#580 = EDGE_CURVE('',#581,#583,#585,.T.);
#581 = VERTEX_POINT('',#582);
#582 = CARTESIAN_POINT('',(-3.,-48.2,2.));
#583 = VERTEX_POINT('',#584);
#584 = CARTESIAN_POINT('',(-3.,-63.2,2.));
#585 = LINE('',#586,#587);
#586 = CARTESIAN_POINT('',(-3.,-48.2,2.));
#587 = VECTOR('',#588,1.);
#588 = DIRECTION('',(-2.2E-16,-1.,-0.));
#589 = ORIENTED_EDGE('',*,*,#590,.F.);
#590 = EDGE_CURVE('',#591,#581,#593,.T.);
#591 = VERTEX_POINT('',#592);
#592 = CARTESIAN_POINT('',(3.,-48.2,2.));
#593 = LINE('',#594,#595);
#594 = CARTESIAN_POINT('',(-1.159E-14,-48.2,2.));
#595 = VECTOR('',#596,1.);
#596 = DIRECTION('',(-1.,2.2E-16,-4.4E-16));
#597 = ORIENTED_EDGE('',*,*,#598,.T.);
#598 = EDGE_CURVE('',#591,#599,#601,.T.);
#599 = VERTEX_POINT('',#600);
#600 = CARTESIAN_POINT('',(3.,-63.2,2.));
#601 = LINE('',#602,#603);
#602 = CARTESIAN_POINT('',(3.,-48.2,2.));
#603 = VECTOR('',#604,1.);
#604 = DIRECTION('',(0.,-1.,0.));
#605 = ORIENTED_EDGE('',*,*,#606,.T.);
#606 = EDGE_CURVE('',#599,#583,#607,.T.);
#607 = LINE('',#608,#609);
#608 = CARTESIAN_POINT('',(3.,-63.2,2.));
#609 = VECTOR('',#610,1.);
#610 = DIRECTION('',(-1.,2.2E-16,0.));
#611 = FACE_BOUND('',#612,.T.);
#612 = EDGE_LOOP('',(#613));
#613 = ORIENTED_EDGE('',*,*,#614,.T.);
#614 = EDGE_CURVE('',#615,#615,#617,.T.);
#615 = VERTEX_POINT('',#616);
#616 = CARTESIAN_POINT('',(-10.35,-51.45,2.));
#617 = CIRCLE('',#618,1.6);
#618 = AXIS2_PLACEMENT_3D('',#619,#620,#621);
#619 = CARTESIAN_POINT('',(-10.35,-49.85,2.));
#620 = DIRECTION('',(4.4E-16,0.,-1.));
#621 = DIRECTION('',(-2.2E-16,-1.,-9.68E-32));
#622 = FACE_BOUND('',#623,.T.);
#623 = EDGE_LOOP('',(#624));
#624 = ORIENTED_EDGE('',*,*,#625,.F.);
#625 = EDGE_CURVE('',#626,#626,#628,.T.);
#626 = VERTEX_POINT('',#627);
#627 = CARTESIAN_POINT('',(-63.15,-10.35,2.));
#628 = CIRCLE('',#629,1.6);
#629 = AXIS2_PLACEMENT_3D('',#630,#631,#632);
#630 = CARTESIAN_POINT('',(-61.55,-10.35,2.));
#631 = DIRECTION('',(0.,0.,1.));
#632 = DIRECTION('',(-1.,0.,0.));
#633 = FACE_BOUND('',#634,.T.);
#634 = EDGE_LOOP('',(#635));
#635 = ORIENTED_EDGE('',*,*,#636,.F.);
#636 = EDGE_CURVE('',#637,#637,#639,.T.);
#637 = VERTEX_POINT('',#638);
#638 = CARTESIAN_POINT('',(-51.45,-10.35,2.));
#639 = CIRCLE('',#640,1.6);
#640 = AXIS2_PLACEMENT_3D('',#641,#642,#643);
#641 = CARTESIAN_POINT('',(-49.85,-10.35,2.));
#642 = DIRECTION('',(0.,0.,1.));
#643 = DIRECTION('',(-1.,0.,0.));
#644 = FACE_BOUND('',#645,.T.);
#645 = EDGE_LOOP('',(#646,#656,#664,#672));
#646 = ORIENTED_EDGE('',*,*,#647,.F.);
#647 = EDGE_CURVE('',#648,#650,#652,.T.);
#648 = VERTEX_POINT('',#649);
#649 = CARTESIAN_POINT('',(-48.2,3.,2.));
#650 = VERTEX_POINT('',#651);
#651 = CARTESIAN_POINT('',(-63.2,3.,2.));
#652 = LINE('',#653,#654);
#653 = CARTESIAN_POINT('',(-48.2,3.,2.));
#654 = VECTOR('',#655,1.);
#655 = DIRECTION('',(-1.,1.2E-16,0.));
#656 = ORIENTED_EDGE('',*,*,#657,.F.);
#657 = EDGE_CURVE('',#658,#648,#660,.T.);
#658 = VERTEX_POINT('',#659);
#659 = CARTESIAN_POINT('',(-48.2,-3.,2.));
#660 = LINE('',#661,#662);
#661 = CARTESIAN_POINT('',(-48.2,6.79E-15,2.));
#662 = VECTOR('',#663,1.);
#663 = DIRECTION('',(1.2E-16,1.,-4.4E-16));
#664 = ORIENTED_EDGE('',*,*,#665,.T.);
#665 = EDGE_CURVE('',#658,#666,#668,.T.);
#666 = VERTEX_POINT('',#667);
#667 = CARTESIAN_POINT('',(-63.2,-3.,2.));
#668 = LINE('',#669,#670);
#669 = CARTESIAN_POINT('',(-48.2,-3.,2.));
#670 = VECTOR('',#671,1.);
#671 = DIRECTION('',(-1.,0.,0.));
#672 = ORIENTED_EDGE('',*,*,#673,.T.);
#673 = EDGE_CURVE('',#666,#650,#674,.T.);
#674 = LINE('',#675,#676);
#675 = CARTESIAN_POINT('',(-63.2,-3.,2.));
#676 = VECTOR('',#677,1.);
#677 = DIRECTION('',(1.2E-16,1.,0.));
#678 = FACE_BOUND('',#679,.T.);
#679 = EDGE_LOOP('',(#680));
#680 = ORIENTED_EDGE('',*,*,#681,.F.);
#681 = EDGE_CURVE('',#682,#682,#684,.T.);
#682 = VERTEX_POINT('',#683);
#683 = CARTESIAN_POINT('',(-5.9,-17.5,2.));
#684 = CIRCLE('',#685,2.1);
#685 = AXIS2_PLACEMENT_3D('',#686,#687,#688);
#686 = CARTESIAN_POINT('',(-8.,-17.5,2.));
#687 = DIRECTION('',(0.,0.,1.));
#688 = DIRECTION('',(1.,0.,0.));
#689 = FACE_BOUND('',#690,.T.);
#690 = EDGE_LOOP('',(#691));
#691 = ORIENTED_EDGE('',*,*,#692,.F.);
#692 = EDGE_CURVE('',#693,#693,#695,.T.);
#693 = VERTEX_POINT('',#694);
#694 = CARTESIAN_POINT('',(4.6,0.,2.));
#695 = CIRCLE('',#696,4.6);
#696 = AXIS2_PLACEMENT_3D('',#697,#698,#699);
#697 = CARTESIAN_POINT('',(0.,0.,2.));
#698 = DIRECTION('',(0.,0.,1.));
#699 = DIRECTION('',(1.,0.,0.));
#700 = FACE_BOUND('',#701,.T.);
#701 = EDGE_LOOP('',(#702));
#702 = ORIENTED_EDGE('',*,*,#703,.F.);
#703 = EDGE_CURVE('',#704,#704,#706,.T.);
#704 = VERTEX_POINT('',#705);
#705 = CARTESIAN_POINT('',(10.35,-63.15,2.));
#706 = CIRCLE('',#707,1.6);
#707 = AXIS2_PLACEMENT_3D('',#708,#709,#710);
#708 = CARTESIAN_POINT('',(10.35,-61.55,2.));
#709 = DIRECTION('',(-0.,0.,1.));
#710 = DIRECTION('',(0.,-1.,0.));
#711 = FACE_BOUND('',#712,.T.);
#712 = EDGE_LOOP('',(#713));
#713 = ORIENTED_EDGE('',*,*,#714,.F.);
#714 = EDGE_CURVE('',#715,#715,#717,.T.);
#715 = VERTEX_POINT('',#716);
#716 = CARTESIAN_POINT('',(10.35,-51.45,2.));
#717 = CIRCLE('',#718,1.6);
#718 = AXIS2_PLACEMENT_3D('',#719,#720,#721);
#719 = CARTESIAN_POINT('',(10.35,-49.85,2.));
#720 = DIRECTION('',(-0.,0.,1.));
#721 = DIRECTION('',(0.,-1.,0.));
#722 = FACE_BOUND('',#723,.T.);
#723 = EDGE_LOOP('',(#724));
#724 = ORIENTED_EDGE('',*,*,#725,.T.);
#725 = EDGE_CURVE('',#726,#726,#728,.T.);
#726 = VERTEX_POINT('',#727);
#727 = CARTESIAN_POINT('',(51.45,-10.35,2.));
#728 = CIRCLE('',#729,1.6);
#729 = AXIS2_PLACEMENT_3D('',#730,#731,#732);
#730 = CARTESIAN_POINT('',(49.85,-10.35,2.));
#731 = DIRECTION('',(0.,4.4E-16,-1.));
#732 = DIRECTION('',(1.,0.,0.));
#733 = FACE_BOUND('',#734,.T.);
#734 = EDGE_LOOP('',(#735));
#735 = ORIENTED_EDGE('',*,*,#736,.T.);
#736 = EDGE_CURVE('',#737,#737,#739,.T.);
#737 = VERTEX_POINT('',#738);
#738 = CARTESIAN_POINT('',(63.15,-10.35,2.));
#739 = CIRCLE('',#740,1.6);
#740 = AXIS2_PLACEMENT_3D('',#741,#742,#743);
#741 = CARTESIAN_POINT('',(61.55,-10.35,2.));
#742 = DIRECTION('',(0.,4.4E-16,-1.));
#743 = DIRECTION('',(1.,0.,0.));
#744 = FACE_BOUND('',#745,.T.);
#745 = EDGE_LOOP('',(#746,#756,#764,#772));
#746 = ORIENTED_EDGE('',*,*,#747,.F.);
#747 = EDGE_CURVE('',#748,#750,#752,.T.);
#748 = VERTEX_POINT('',#749);
#749 = CARTESIAN_POINT('',(48.2,-3.,2.));
#750 = VERTEX_POINT('',#751);
#751 = CARTESIAN_POINT('',(63.2,-3.,2.));
#752 = LINE('',#753,#754);
#753 = CARTESIAN_POINT('',(48.2,-3.,2.));
#754 = VECTOR('',#755,1.);
#755 = DIRECTION('',(1.,0.,0.));
#756 = ORIENTED_EDGE('',*,*,#757,.F.);
#757 = EDGE_CURVE('',#758,#748,#760,.T.);
#758 = VERTEX_POINT('',#759);
#759 = CARTESIAN_POINT('',(48.2,3.,2.));
#760 = LINE('',#761,#762);
#761 = CARTESIAN_POINT('',(48.2,-8.9E-16,2.));
#762 = VECTOR('',#763,1.);
#763 = DIRECTION('',(-0.,-1.,-4.4E-16));
#764 = ORIENTED_EDGE('',*,*,#765,.T.);
#765 = EDGE_CURVE('',#758,#766,#768,.T.);
#766 = VERTEX_POINT('',#767);
#767 = CARTESIAN_POINT('',(63.2,3.,2.));
#768 = LINE('',#769,#770);
#769 = CARTESIAN_POINT('',(48.2,3.,2.));
#770 = VECTOR('',#771,1.);
#771 = DIRECTION('',(1.,0.,0.));
#772 = ORIENTED_EDGE('',*,*,#773,.T.);
#773 = EDGE_CURVE('',#766,#750,#774,.T.);
#774 = LINE('',#775,#776);
#775 = CARTESIAN_POINT('',(63.2,3.,2.));
#776 = VECTOR('',#777,1.);
#777 = DIRECTION('',(0.,-1.,0.));
#778 = FACE_BOUND('',#779,.T.);
#779 = EDGE_LOOP('',(#780));
#780 = ORIENTED_EDGE('',*,*,#781,.T.);
#781 = EDGE_CURVE('',#782,#782,#784,.T.);
#782 = VERTEX_POINT('',#783);
#783 = CARTESIAN_POINT('',(-63.15,10.35,2.));
#784 = CIRCLE('',#785,1.6);
#785 = AXIS2_PLACEMENT_3D('',#786,#787,#788);
#786 = CARTESIAN_POINT('',(-61.55,10.35,2.));
#787 = DIRECTION('',(0.,-4.4E-16,-1.));
#788 = DIRECTION('',(-1.,1.2E-16,-5.28E-32));
#789 = FACE_BOUND('',#790,.T.);
#790 = EDGE_LOOP('',(#791));
#791 = ORIENTED_EDGE('',*,*,#792,.T.);
#792 = EDGE_CURVE('',#793,#793,#795,.T.);
#793 = VERTEX_POINT('',#794);
#794 = CARTESIAN_POINT('',(-51.45,10.35,2.));
#795 = CIRCLE('',#796,1.6);
#796 = AXIS2_PLACEMENT_3D('',#797,#798,#799);
#797 = CARTESIAN_POINT('',(-49.85,10.35,2.));
#798 = DIRECTION('',(0.,-4.4E-16,-1.));
#799 = DIRECTION('',(-1.,1.2E-16,-5.28E-32));
#800 = FACE_BOUND('',#801,.T.);
#801 = EDGE_LOOP('',(#802));
#802 = ORIENTED_EDGE('',*,*,#803,.F.);
#803 = EDGE_CURVE('',#804,#804,#806,.T.);
#804 = VERTEX_POINT('',#805);
#805 = CARTESIAN_POINT('',(-5.9,17.5,2.));
#806 = CIRCLE('',#807,2.1);
#807 = AXIS2_PLACEMENT_3D('',#808,#809,#810);
#808 = CARTESIAN_POINT('',(-8.,17.5,2.));
#809 = DIRECTION('',(0.,0.,1.));
#810 = DIRECTION('',(1.,0.,0.));
#811 = FACE_BOUND('',#812,.T.);
#812 = EDGE_LOOP('',(#813));
#813 = ORIENTED_EDGE('',*,*,#814,.F.);
#814 = EDGE_CURVE('',#815,#815,#817,.T.);
#815 = VERTEX_POINT('',#816);
#816 = CARTESIAN_POINT('',(-10.35,51.45,2.));
#817 = CIRCLE('',#818,1.6);
#818 = AXIS2_PLACEMENT_3D('',#819,#820,#821);
#819 = CARTESIAN_POINT('',(-10.35,49.85,2.));
#820 = DIRECTION('',(0.,-0.,1.));
#821 = DIRECTION('',(0.,1.,0.));
#822 = FACE_BOUND('',#823,.T.);
#823 = EDGE_LOOP('',(#824));
#824 = ORIENTED_EDGE('',*,*,#825,.F.);
#825 = EDGE_CURVE('',#826,#826,#828,.T.);
#826 = VERTEX_POINT('',#827);
#827 = CARTESIAN_POINT('',(-10.35,63.15,2.));
#828 = CIRCLE('',#829,1.6);
#829 = AXIS2_PLACEMENT_3D('',#830,#831,#832);
#830 = CARTESIAN_POINT('',(-10.35,61.55,2.));
#831 = DIRECTION('',(0.,-0.,1.));
#832 = DIRECTION('',(0.,1.,0.));
#833 = FACE_BOUND('',#834,.T.);
#834 = EDGE_LOOP('',(#835));
#835 = ORIENTED_EDGE('',*,*,#836,.F.);
#836 = EDGE_CURVE('',#837,#837,#839,.T.);
#837 = VERTEX_POINT('',#838);
#838 = CARTESIAN_POINT('',(51.45,10.35,2.));
#839 = CIRCLE('',#840,1.6);
#840 = AXIS2_PLACEMENT_3D('',#841,#842,#843);
#841 = CARTESIAN_POINT('',(49.85,10.35,2.));
#842 = DIRECTION('',(0.,0.,1.));
#843 = DIRECTION('',(1.,0.,0.));
#844 = FACE_BOUND('',#845,.T.);
#845 = EDGE_LOOP('',(#846));
#846 = ORIENTED_EDGE('',*,*,#847,.F.);
#847 = EDGE_CURVE('',#848,#848,#850,.T.);
#848 = VERTEX_POINT('',#849);
#849 = CARTESIAN_POINT('',(63.15,10.35,2.));
#850 = CIRCLE('',#851,1.6);
#851 = AXIS2_PLACEMENT_3D('',#852,#853,#854);
#852 = CARTESIAN_POINT('',(61.55,10.35,2.));
#853 = DIRECTION('',(0.,0.,1.));
#854 = DIRECTION('',(1.,0.,0.));
#855 = FACE_BOUND('',#856,.T.);
#856 = EDGE_LOOP('',(#857));
#857 = ORIENTED_EDGE('',*,*,#858,.T.);
#858 = EDGE_CURVE('',#859,#859,#861,.T.);
#859 = VERTEX_POINT('',#860);
#860 = CARTESIAN_POINT('',(10.35,51.45,2.));
#861 = CIRCLE('',#862,1.6);
#862 = AXIS2_PLACEMENT_3D('',#863,#864,#865);
#863 = CARTESIAN_POINT('',(10.35,49.85,2.));
#864 = DIRECTION('',(-4.4E-16,0.,-1.));
#865 = DIRECTION('',(1.1E-16,1.,-4.84E-32));
#866 = FACE_BOUND('',#867,.T.);
#867 = EDGE_LOOP('',(#868,#878,#886,#894));
#868 = ORIENTED_EDGE('',*,*,#869,.F.);
#869 = EDGE_CURVE('',#870,#872,#874,.T.);
#870 = VERTEX_POINT('',#871);
#871 = CARTESIAN_POINT('',(3.,48.2,2.));
#872 = VERTEX_POINT('',#873);
#873 = CARTESIAN_POINT('',(3.,63.2,2.));
#874 = LINE('',#875,#876);
#875 = CARTESIAN_POINT('',(3.,48.2,2.));
#876 = VECTOR('',#877,1.);
#877 = DIRECTION('',(1.1E-16,1.,0.));
#878 = ORIENTED_EDGE('',*,*,#879,.F.);
#879 = EDGE_CURVE('',#880,#870,#882,.T.);
#880 = VERTEX_POINT('',#881);
#881 = CARTESIAN_POINT('',(-3.,48.2,2.));
#882 = LINE('',#883,#884);
#883 = CARTESIAN_POINT('',(6.24E-15,48.2,2.));
#884 = VECTOR('',#885,1.);
#885 = DIRECTION('',(1.,-1.1E-16,-4.4E-16));
#886 = ORIENTED_EDGE('',*,*,#887,.T.);
#887 = EDGE_CURVE('',#880,#888,#890,.T.);
#888 = VERTEX_POINT('',#889);
#889 = CARTESIAN_POINT('',(-3.,63.2,2.));
#890 = LINE('',#891,#892);
#891 = CARTESIAN_POINT('',(-3.,48.2,2.));
#892 = VECTOR('',#893,1.);
#893 = DIRECTION('',(0.,1.,0.));
#894 = ORIENTED_EDGE('',*,*,#895,.T.);
#895 = EDGE_CURVE('',#888,#872,#896,.T.);
#896 = LINE('',#897,#898);
#897 = CARTESIAN_POINT('',(-3.,63.2,2.));
#898 = VECTOR('',#899,1.);
#899 = DIRECTION('',(1.,-1.1E-16,0.));
#900 = FACE_BOUND('',#901,.T.);
#901 = EDGE_LOOP('',(#902));
#902 = ORIENTED_EDGE('',*,*,#903,.T.);
#903 = EDGE_CURVE('',#904,#904,#906,.T.);
#904 = VERTEX_POINT('',#905);
#905 = CARTESIAN_POINT('',(10.35,63.15,2.));
#906 = CIRCLE('',#907,1.6);
#907 = AXIS2_PLACEMENT_3D('',#908,#909,#910);
#908 = CARTESIAN_POINT('',(10.35,61.55,2.));
#909 = DIRECTION('',(-4.4E-16,0.,-1.));
#910 = DIRECTION('',(1.1E-16,1.,-4.84E-32));
#911 = PLANE('',#912);
#912 = AXIS2_PLACEMENT_3D('',#913,#914,#915);
#913 = CARTESIAN_POINT('',(-8.5E-16,1.9E-15,2.));
#914 = DIRECTION('',(0.,0.,1.));
#915 = DIRECTION('',(1.,0.,0.));
#916 = ADVANCED_FACE('',(#917),#928,.T.);
#917 = FACE_BOUND('',#918,.T.);
#918 = EDGE_LOOP('',(#919,#920,#921,#927));
#919 = ORIENTED_EDGE('',*,*,#70,.T.);
#920 = ORIENTED_EDGE('',*,*,#560,.T.);
#921 = ORIENTED_EDGE('',*,*,#922,.F.);
#922 = EDGE_CURVE('',#95,#553,#923,.T.);
#923 = LINE('',#924,#925);
#924 = CARTESIAN_POINT('',(16.,-67.2,0.));
#925 = VECTOR('',#926,1.);
#926 = DIRECTION('',(0.,0.,1.));
#927 = ORIENTED_EDGE('',*,*,#94,.F.);
#928 = PLANE('',#929);
#929 = AXIS2_PLACEMENT_3D('',#930,#931,#932);
#930 = CARTESIAN_POINT('',(16.,-55.7,-14.));
#931 = DIRECTION('',(1.,0.,0.));
#932 = DIRECTION('',(0.,0.,1.));
#933 = ADVANCED_FACE('',(#934),#945,.T.);
#934 = FACE_BOUND('',#935,.T.);
#935 = EDGE_LOOP('',(#936,#937,#938,#944));
#936 = ORIENTED_EDGE('',*,*,#922,.T.);
#937 = ORIENTED_EDGE('',*,*,#552,.F.);
#938 = ORIENTED_EDGE('',*,*,#939,.F.);
#939 = EDGE_CURVE('',#103,#545,#940,.T.);
#940 = LINE('',#941,#942);
#941 = CARTESIAN_POINT('',(-16.,-67.2,-7.11E-15));
#942 = VECTOR('',#943,1.);
#943 = DIRECTION('',(-4.4E-16,0.,1.));
#944 = ORIENTED_EDGE('',*,*,#102,.F.);
#945 = PLANE('',#946);
#946 = AXIS2_PLACEMENT_3D('',#947,#948,#949);
#947 = CARTESIAN_POINT('',(-1.066E-14,-67.2,-14.));
#948 = DIRECTION('',(-0.,-1.,-0.));
#949 = DIRECTION('',(0.,0.,-1.));
#950 = ADVANCED_FACE('',(#951),#962,.T.);
#951 = FACE_BOUND('',#952,.T.);
#952 = EDGE_LOOP('',(#953,#959,#960,#961));
#953 = ORIENTED_EDGE('',*,*,#954,.T.);
#954 = EDGE_CURVE('',#537,#111,#955,.T.);
#955 = LINE('',#956,#957);
#956 = CARTESIAN_POINT('',(-16.,-44.2,-7.11E-15));
#957 = VECTOR('',#958,1.);
#958 = DIRECTION('',(4.4E-16,0.,-1.));
#959 = ORIENTED_EDGE('',*,*,#110,.T.);
#960 = ORIENTED_EDGE('',*,*,#939,.T.);
#961 = ORIENTED_EDGE('',*,*,#544,.F.);
#962 = PLANE('',#963);
#963 = AXIS2_PLACEMENT_3D('',#964,#965,#966);
#964 = CARTESIAN_POINT('',(-16.,-55.7,-14.));
#965 = DIRECTION('',(-1.,-0.,-4.6E-16));
#966 = DIRECTION('',(4.6E-16,0.,-1.));
#967 = ADVANCED_FACE('',(#968),#979,.T.);
#968 = FACE_BOUND('',#969,.T.);
#969 = EDGE_LOOP('',(#970,#976,#977,#978));
#970 = ORIENTED_EDGE('',*,*,#971,.F.);
#971 = EDGE_CURVE('',#119,#529,#972,.T.);
#972 = LINE('',#973,#974);
#973 = CARTESIAN_POINT('',(-44.2,-44.2,0.));
#974 = VECTOR('',#975,1.);
#975 = DIRECTION('',(0.,0.,1.));
#976 = ORIENTED_EDGE('',*,*,#118,.T.);
#977 = ORIENTED_EDGE('',*,*,#954,.F.);
#978 = ORIENTED_EDGE('',*,*,#536,.F.);
#979 = PLANE('',#980);
#980 = AXIS2_PLACEMENT_3D('',#981,#982,#983);
#981 = CARTESIAN_POINT('',(-30.1,-44.2,-14.));
#982 = DIRECTION('',(-2.5E-16,-1.,-0.));
#983 = DIRECTION('',(-1.,2.5E-16,0.));
#984 = ADVANCED_FACE('',(#985),#996,.T.);
#985 = FACE_BOUND('',#986,.T.);
#986 = EDGE_LOOP('',(#987,#988,#989,#995));
#987 = ORIENTED_EDGE('',*,*,#971,.T.);
#988 = ORIENTED_EDGE('',*,*,#528,.T.);
#989 = ORIENTED_EDGE('',*,*,#990,.T.);
#990 = EDGE_CURVE('',#521,#127,#991,.T.);
#991 = LINE('',#992,#993);
#992 = CARTESIAN_POINT('',(-44.2,-16.,0.));
#993 = VECTOR('',#994,1.);
#994 = DIRECTION('',(0.,0.,-1.));
#995 = ORIENTED_EDGE('',*,*,#126,.F.);
#996 = PLANE('',#997);
#997 = AXIS2_PLACEMENT_3D('',#998,#999,#1000);
#998 = CARTESIAN_POINT('',(-44.2,-30.1,-14.));
#999 = DIRECTION('',(-1.,2.5E-16,0.));
#1000 = DIRECTION('',(-2.5E-16,-1.,0.));
#1001 = ADVANCED_FACE('',(#1002),#1013,.T.);
#1002 = FACE_BOUND('',#1003,.T.);
#1003 = EDGE_LOOP('',(#1004,#1005,#1011,#1012));
#1004 = ORIENTED_EDGE('',*,*,#520,.T.);
#1005 = ORIENTED_EDGE('',*,*,#1006,.F.);
#1006 = EDGE_CURVE('',#135,#513,#1007,.T.);
#1007 = LINE('',#1008,#1009);
#1008 = CARTESIAN_POINT('',(-67.2,-16.,0.));
#1009 = VECTOR('',#1010,1.);
#1010 = DIRECTION('',(0.,0.,1.));
#1011 = ORIENTED_EDGE('',*,*,#134,.F.);
#1012 = ORIENTED_EDGE('',*,*,#990,.F.);
#1013 = PLANE('',#1014);
#1014 = AXIS2_PLACEMENT_3D('',#1015,#1016,#1017);
#1015 = CARTESIAN_POINT('',(-55.7,-16.,-14.));
#1016 = DIRECTION('',(-0.,-1.,-0.));
#1017 = DIRECTION('',(0.,0.,-1.));
#1018 = ADVANCED_FACE('',(#1019),#1030,.T.);
#1019 = FACE_BOUND('',#1020,.T.);
#1020 = EDGE_LOOP('',(#1021,#1022,#1023,#1029));
#1021 = ORIENTED_EDGE('',*,*,#1006,.T.);
#1022 = ORIENTED_EDGE('',*,*,#512,.F.);
#1023 = ORIENTED_EDGE('',*,*,#1024,.T.);
#1024 = EDGE_CURVE('',#505,#143,#1025,.T.);
#1025 = LINE('',#1026,#1027);
#1026 = CARTESIAN_POINT('',(-67.2,16.,-7.11E-15));
#1027 = VECTOR('',#1028,1.);
#1028 = DIRECTION('',(-0.,-4.4E-16,-1.));
#1029 = ORIENTED_EDGE('',*,*,#142,.F.);
#1030 = PLANE('',#1031);
#1031 = AXIS2_PLACEMENT_3D('',#1032,#1033,#1034);
#1032 = CARTESIAN_POINT('',(-67.2,4.88E-15,-14.));
#1033 = DIRECTION('',(-1.,-0.,-0.));
#1034 = DIRECTION('',(0.,0.,-1.));
#1035 = ADVANCED_FACE('',(#1036),#1047,.T.);
#1036 = FACE_BOUND('',#1037,.T.);
#1037 = EDGE_LOOP('',(#1038,#1044,#1045,#1046));
#1038 = ORIENTED_EDGE('',*,*,#1039,.F.);
#1039 = EDGE_CURVE('',#151,#497,#1040,.T.);
#1040 = LINE('',#1041,#1042);
#1041 = CARTESIAN_POINT('',(-44.2,16.,-7.11E-15));
#1042 = VECTOR('',#1043,1.);
#1043 = DIRECTION('',(0.,4.4E-16,1.));
#1044 = ORIENTED_EDGE('',*,*,#150,.T.);
#1045 = ORIENTED_EDGE('',*,*,#1024,.F.);
#1046 = ORIENTED_EDGE('',*,*,#504,.F.);
#1047 = PLANE('',#1048);
#1048 = AXIS2_PLACEMENT_3D('',#1049,#1050,#1051);
#1049 = CARTESIAN_POINT('',(-55.7,16.,-14.));
#1050 = DIRECTION('',(0.,1.,-4.6E-16));
#1051 = DIRECTION('',(0.,4.6E-16,1.));
#1052 = ADVANCED_FACE('',(#1053),#1064,.T.);
#1053 = FACE_BOUND('',#1054,.T.);
#1054 = EDGE_LOOP('',(#1055,#1061,#1062,#1063));
#1055 = ORIENTED_EDGE('',*,*,#1056,.T.);
#1056 = EDGE_CURVE('',#489,#159,#1057,.T.);
#1057 = LINE('',#1058,#1059);
#1058 = CARTESIAN_POINT('',(-44.2,44.2,0.));
#1059 = VECTOR('',#1060,1.);
#1060 = DIRECTION('',(0.,0.,-1.));
#1061 = ORIENTED_EDGE('',*,*,#158,.T.);
#1062 = ORIENTED_EDGE('',*,*,#1039,.T.);
#1063 = ORIENTED_EDGE('',*,*,#496,.F.);
#1064 = PLANE('',#1065);
#1065 = AXIS2_PLACEMENT_3D('',#1066,#1067,#1068);
#1066 = CARTESIAN_POINT('',(-44.2,30.1,-14.));
#1067 = DIRECTION('',(-1.,-0.,-0.));
#1068 = DIRECTION('',(0.,0.,-1.));
#1069 = ADVANCED_FACE('',(#1070),#1081,.T.);
#1070 = FACE_BOUND('',#1071,.T.);
#1071 = EDGE_LOOP('',(#1072,#1073,#1079,#1080));
#1072 = ORIENTED_EDGE('',*,*,#488,.T.);
#1073 = ORIENTED_EDGE('',*,*,#1074,.T.);
#1074 = EDGE_CURVE('',#481,#167,#1075,.T.);
#1075 = LINE('',#1076,#1077);
#1076 = CARTESIAN_POINT('',(-16.,44.2,0.));
#1077 = VECTOR('',#1078,1.);
#1078 = DIRECTION('',(0.,0.,-1.));
#1079 = ORIENTED_EDGE('',*,*,#166,.F.);
#1080 = ORIENTED_EDGE('',*,*,#1056,.F.);
#1081 = PLANE('',#1082);
#1082 = AXIS2_PLACEMENT_3D('',#1083,#1084,#1085);
#1083 = CARTESIAN_POINT('',(-30.1,44.2,-14.));
#1084 = DIRECTION('',(2.5E-16,1.,0.));
#1085 = DIRECTION('',(1.,-2.5E-16,0.));
#1086 = ADVANCED_FACE('',(#1087),#1098,.T.);
#1087 = FACE_BOUND('',#1088,.T.);
#1088 = EDGE_LOOP('',(#1089,#1090,#1096,#1097));
#1089 = ORIENTED_EDGE('',*,*,#480,.T.);
#1090 = ORIENTED_EDGE('',*,*,#1091,.F.);
#1091 = EDGE_CURVE('',#175,#473,#1092,.T.);
#1092 = LINE('',#1093,#1094);
#1093 = CARTESIAN_POINT('',(-16.,67.2,0.));
#1094 = VECTOR('',#1095,1.);
#1095 = DIRECTION('',(0.,0.,1.));
#1096 = ORIENTED_EDGE('',*,*,#174,.F.);
#1097 = ORIENTED_EDGE('',*,*,#1074,.F.);
#1098 = PLANE('',#1099);
#1099 = AXIS2_PLACEMENT_3D('',#1100,#1101,#1102);
#1100 = CARTESIAN_POINT('',(-16.,55.7,-14.));
#1101 = DIRECTION('',(-1.,-0.,-0.));
#1102 = DIRECTION('',(0.,0.,-1.));
#1103 = ADVANCED_FACE('',(#1104),#1115,.T.);
#1104 = FACE_BOUND('',#1105,.T.);
#1105 = EDGE_LOOP('',(#1106,#1112,#1113,#1114));
#1106 = ORIENTED_EDGE('',*,*,#1107,.T.);
#1107 = EDGE_CURVE('',#465,#183,#1108,.T.);
#1108 = LINE('',#1109,#1110);
#1109 = CARTESIAN_POINT('',(16.,67.2,-7.11E-15));
#1110 = VECTOR('',#1111,1.);
#1111 = DIRECTION('',(-4.4E-16,0.,-1.));
#1112 = ORIENTED_EDGE('',*,*,#182,.F.);
#1113 = ORIENTED_EDGE('',*,*,#1091,.T.);
#1114 = ORIENTED_EDGE('',*,*,#472,.F.);
#1115 = PLANE('',#1116);
#1116 = AXIS2_PLACEMENT_3D('',#1117,#1118,#1119);
#1117 = CARTESIAN_POINT('',(4.55E-15,67.2,-14.));
#1118 = DIRECTION('',(0.,1.,0.));
#1119 = DIRECTION('',(0.,0.,1.));
#1120 = ADVANCED_FACE('',(#1121),#1132,.T.);
#1121 = FACE_BOUND('',#1122,.T.);
#1122 = EDGE_LOOP('',(#1123,#1129,#1130,#1131));
#1123 = ORIENTED_EDGE('',*,*,#1124,.F.);
#1124 = EDGE_CURVE('',#191,#457,#1125,.T.);
#1125 = LINE('',#1126,#1127);
#1126 = CARTESIAN_POINT('',(16.,44.2,-7.11E-15));
#1127 = VECTOR('',#1128,1.);
#1128 = DIRECTION('',(4.4E-16,0.,1.));
#1129 = ORIENTED_EDGE('',*,*,#190,.T.);
#1130 = ORIENTED_EDGE('',*,*,#1107,.F.);
#1131 = ORIENTED_EDGE('',*,*,#464,.F.);
#1132 = PLANE('',#1133);
#1133 = AXIS2_PLACEMENT_3D('',#1134,#1135,#1136);
#1134 = CARTESIAN_POINT('',(16.,55.7,-14.));
#1135 = DIRECTION('',(1.,0.,-4.7E-16));
#1136 = DIRECTION('',(4.7E-16,0.,1.));
#1137 = ADVANCED_FACE('',(#1138),#1149,.T.);
#1138 = FACE_BOUND('',#1139,.T.);
#1139 = EDGE_LOOP('',(#1140,#1146,#1147,#1148));
#1140 = ORIENTED_EDGE('',*,*,#1141,.F.);
#1141 = EDGE_CURVE('',#199,#449,#1142,.T.);
#1142 = LINE('',#1143,#1144);
#1143 = CARTESIAN_POINT('',(44.2,44.2,0.));
#1144 = VECTOR('',#1145,1.);
#1145 = DIRECTION('',(0.,0.,1.));
#1146 = ORIENTED_EDGE('',*,*,#198,.T.);
#1147 = ORIENTED_EDGE('',*,*,#1124,.T.);
#1148 = ORIENTED_EDGE('',*,*,#456,.F.);
#1149 = PLANE('',#1150);
#1150 = AXIS2_PLACEMENT_3D('',#1151,#1152,#1153);
#1151 = CARTESIAN_POINT('',(30.1,44.2,-14.));
#1152 = DIRECTION('',(0.,1.,0.));
#1153 = DIRECTION('',(0.,0.,1.));
#1154 = ADVANCED_FACE('',(#1155),#1166,.T.);
#1155 = FACE_BOUND('',#1156,.T.);
#1156 = EDGE_LOOP('',(#1157,#1158,#1159,#1165));
#1157 = ORIENTED_EDGE('',*,*,#1141,.T.);
#1158 = ORIENTED_EDGE('',*,*,#448,.T.);
#1159 = ORIENTED_EDGE('',*,*,#1160,.F.);
#1160 = EDGE_CURVE('',#207,#441,#1161,.T.);
#1161 = LINE('',#1162,#1163);
#1162 = CARTESIAN_POINT('',(44.2,16.,0.));
#1163 = VECTOR('',#1164,1.);
#1164 = DIRECTION('',(0.,0.,1.));
#1165 = ORIENTED_EDGE('',*,*,#206,.F.);
#1166 = PLANE('',#1167);
#1167 = AXIS2_PLACEMENT_3D('',#1168,#1169,#1170);
#1168 = CARTESIAN_POINT('',(44.2,30.1,-14.));
#1169 = DIRECTION('',(1.,0.,0.));
#1170 = DIRECTION('',(0.,0.,1.));
#1171 = ADVANCED_FACE('',(#1172),#1183,.T.);
#1172 = FACE_BOUND('',#1173,.T.);
#1173 = EDGE_LOOP('',(#1174,#1175,#1176,#1182));
#1174 = ORIENTED_EDGE('',*,*,#1160,.T.);
#1175 = ORIENTED_EDGE('',*,*,#440,.T.);
#1176 = ORIENTED_EDGE('',*,*,#1177,.F.);
#1177 = EDGE_CURVE('',#215,#433,#1178,.T.);
#1178 = LINE('',#1179,#1180);
#1179 = CARTESIAN_POINT('',(67.2,16.,0.));
#1180 = VECTOR('',#1181,1.);
#1181 = DIRECTION('',(0.,0.,1.));
#1182 = ORIENTED_EDGE('',*,*,#214,.F.);
#1183 = PLANE('',#1184);
#1184 = AXIS2_PLACEMENT_3D('',#1185,#1186,#1187);
#1185 = CARTESIAN_POINT('',(55.7,16.,-14.));
#1186 = DIRECTION('',(0.,1.,0.));
#1187 = DIRECTION('',(0.,0.,1.));
#1188 = ADVANCED_FACE('',(#1189),#1195,.T.);
#1189 = FACE_BOUND('',#1190,.T.);
#1190 = EDGE_LOOP('',(#1191,#1192,#1193,#1194));
#1191 = ORIENTED_EDGE('',*,*,#408,.T.);
#1192 = ORIENTED_EDGE('',*,*,#222,.T.);
#1193 = ORIENTED_EDGE('',*,*,#1177,.T.);
#1194 = ORIENTED_EDGE('',*,*,#432,.F.);
#1195 = PLANE('',#1196);
#1196 = AXIS2_PLACEMENT_3D('',#1197,#1198,#1199);
#1197 = CARTESIAN_POINT('',(67.2,3.55E-15,-14.));
#1198 = DIRECTION('',(1.,0.,0.));
#1199 = DIRECTION('',(0.,0.,1.));
#1200 = ADVANCED_FACE('',(#1201),#1226,.T.);
#1201 = FACE_BOUND('',#1202,.T.);
#1202 = EDGE_LOOP('',(#1203,#1211,#1219,#1225));
#1203 = ORIENTED_EDGE('',*,*,#1204,.F.);
#1204 = EDGE_CURVE('',#1205,#241,#1207,.T.);
#1205 = VERTEX_POINT('',#1206);
#1206 = CARTESIAN_POINT('',(65.2,-14.,-6.E-15));
#1207 = LINE('',#1208,#1209);
#1208 = CARTESIAN_POINT('',(65.2,-14.,-6.22E-15));
#1209 = VECTOR('',#1210,1.);
#1210 = DIRECTION('',(0.,4.4E-16,-1.));
#1211 = ORIENTED_EDGE('',*,*,#1212,.F.);
#1212 = EDGE_CURVE('',#1213,#1205,#1215,.T.);
#1213 = VERTEX_POINT('',#1214);
#1214 = CARTESIAN_POINT('',(65.2,14.,0.));
#1215 = LINE('',#1216,#1217);
#1216 = CARTESIAN_POINT('',(65.2,0.,0.));
#1217 = VECTOR('',#1218,1.);
#1218 = DIRECTION('',(-0.,-1.,-4.4E-16));
#1219 = ORIENTED_EDGE('',*,*,#1220,.T.);
#1220 = EDGE_CURVE('',#1213,#239,#1221,.T.);
#1221 = LINE('',#1222,#1223);
#1222 = CARTESIAN_POINT('',(65.2,14.,0.));
#1223 = VECTOR('',#1224,1.);
#1224 = DIRECTION('',(-0.,-0.,-1.));
#1225 = ORIENTED_EDGE('',*,*,#238,.T.);
#1226 = PLANE('',#1227);
#1227 = AXIS2_PLACEMENT_3D('',#1228,#1229,#1230);
#1228 = CARTESIAN_POINT('',(65.2,3.31E-15,-15.));
#1229 = DIRECTION('',(-1.,-0.,-0.));
#1230 = DIRECTION('',(0.,0.,-1.));
#1231 = ADVANCED_FACE('',(#1232),#1250,.F.);
#1232 = FACE_BOUND('',#1233,.F.);
#1233 = EDGE_LOOP('',(#1234,#1235,#1236,#1244));
#1234 = ORIENTED_EDGE('',*,*,#1220,.T.);
#1235 = ORIENTED_EDGE('',*,*,#248,.T.);
#1236 = ORIENTED_EDGE('',*,*,#1237,.F.);
#1237 = EDGE_CURVE('',#1238,#249,#1240,.T.);
#1238 = VERTEX_POINT('',#1239);
#1239 = CARTESIAN_POINT('',(42.2,14.,0.));
#1240 = LINE('',#1241,#1242);
#1241 = CARTESIAN_POINT('',(42.2,14.,0.));
#1242 = VECTOR('',#1243,1.);
#1243 = DIRECTION('',(-0.,-0.,-1.));
#1244 = ORIENTED_EDGE('',*,*,#1245,.F.);
#1245 = EDGE_CURVE('',#1213,#1238,#1246,.T.);
#1246 = LINE('',#1247,#1248);
#1247 = CARTESIAN_POINT('',(65.2,14.,0.));
#1248 = VECTOR('',#1249,1.);
#1249 = DIRECTION('',(-1.,0.,0.));
#1250 = PLANE('',#1251);
#1251 = AXIS2_PLACEMENT_3D('',#1252,#1253,#1254);
#1252 = CARTESIAN_POINT('',(65.2,14.,0.));
#1253 = DIRECTION('',(0.,1.,0.));
#1254 = DIRECTION('',(-1.,0.,0.));
#1255 = ADVANCED_FACE('',(#1256),#1274,.F.);
#1256 = FACE_BOUND('',#1257,.F.);
#1257 = EDGE_LOOP('',(#1258,#1259,#1260,#1268));
#1258 = ORIENTED_EDGE('',*,*,#1237,.T.);
#1259 = ORIENTED_EDGE('',*,*,#256,.T.);
#1260 = ORIENTED_EDGE('',*,*,#1261,.F.);
#1261 = EDGE_CURVE('',#1262,#257,#1264,.T.);
#1262 = VERTEX_POINT('',#1263);
#1263 = CARTESIAN_POINT('',(42.2,42.2,-9.E-15));
#1264 = LINE('',#1265,#1266);
#1265 = CARTESIAN_POINT('',(42.2,42.2,0.));
#1266 = VECTOR('',#1267,1.);
#1267 = DIRECTION('',(-0.,-0.,-1.));
#1268 = ORIENTED_EDGE('',*,*,#1269,.F.);
#1269 = EDGE_CURVE('',#1238,#1262,#1270,.T.);
#1270 = LINE('',#1271,#1272);
#1271 = CARTESIAN_POINT('',(42.2,14.,0.));
#1272 = VECTOR('',#1273,1.);
#1273 = DIRECTION('',(0.,1.,0.));
#1274 = PLANE('',#1275);
#1275 = AXIS2_PLACEMENT_3D('',#1276,#1277,#1278);
#1276 = CARTESIAN_POINT('',(42.2,14.,0.));
#1277 = DIRECTION('',(1.,0.,0.));
#1278 = DIRECTION('',(0.,1.,0.));
#1279 = ADVANCED_FACE('',(#1280),#1298,.F.);
#1280 = FACE_BOUND('',#1281,.T.);
#1281 = EDGE_LOOP('',(#1282,#1290,#1291,#1292));
#1282 = ORIENTED_EDGE('',*,*,#1283,.T.);
#1283 = EDGE_CURVE('',#1284,#265,#1286,.T.);
#1284 = VERTEX_POINT('',#1285);
#1285 = CARTESIAN_POINT('',(14.,42.2,-6.E-15));
#1286 = LINE('',#1287,#1288);
#1287 = CARTESIAN_POINT('',(14.,42.2,-6.22E-15));
#1288 = VECTOR('',#1289,1.);
#1289 = DIRECTION('',(-4.4E-16,0.,-1.));
#1290 = ORIENTED_EDGE('',*,*,#264,.T.);
#1291 = ORIENTED_EDGE('',*,*,#1261,.F.);
#1292 = ORIENTED_EDGE('',*,*,#1293,.F.);
#1293 = EDGE_CURVE('',#1284,#1262,#1294,.T.);
#1294 = LINE('',#1295,#1296);
#1295 = CARTESIAN_POINT('',(14.,42.2,-6.22E-15));
#1296 = VECTOR('',#1297,1.);
#1297 = DIRECTION('',(1.,-1.1E-16,-4.4E-16));
#1298 = PLANE('',#1299);
#1299 = AXIS2_PLACEMENT_3D('',#1300,#1301,#1302);
#1300 = CARTESIAN_POINT('',(14.,42.2,-6.22E-15));
#1301 = DIRECTION('',(1.1E-16,1.,0.));
#1302 = DIRECTION('',(-1.,1.1E-16,4.4E-16));
#1303 = ADVANCED_FACE('',(#1304),#1322,.F.);
#1304 = FACE_BOUND('',#1305,.T.);
#1305 = EDGE_LOOP('',(#1306,#1314,#1315,#1316));
#1306 = ORIENTED_EDGE('',*,*,#1307,.T.);
#1307 = EDGE_CURVE('',#1308,#273,#1310,.T.);
#1308 = VERTEX_POINT('',#1309);
#1309 = CARTESIAN_POINT('',(14.,65.2,-6.E-15));
#1310 = LINE('',#1311,#1312);
#1311 = CARTESIAN_POINT('',(14.,65.2,-6.22E-15));
#1312 = VECTOR('',#1313,1.);
#1313 = DIRECTION('',(-4.4E-16,0.,-1.));
#1314 = ORIENTED_EDGE('',*,*,#272,.T.);
#1315 = ORIENTED_EDGE('',*,*,#1283,.F.);
#1316 = ORIENTED_EDGE('',*,*,#1317,.F.);
#1317 = EDGE_CURVE('',#1308,#1284,#1318,.T.);
#1318 = LINE('',#1319,#1320);
#1319 = CARTESIAN_POINT('',(14.,65.2,-6.22E-15));
#1320 = VECTOR('',#1321,1.);
#1321 = DIRECTION('',(-1.1E-16,-1.,-0.));
#1322 = PLANE('',#1323);
#1323 = AXIS2_PLACEMENT_3D('',#1324,#1325,#1326);
#1324 = CARTESIAN_POINT('',(14.,65.2,-6.22E-15));
#1325 = DIRECTION('',(1.,-1.1E-16,-4.4E-16));
#1326 = DIRECTION('',(1.1E-16,1.,0.));
#1327 = ADVANCED_FACE('',(#1328),#1346,.T.);
#1328 = FACE_BOUND('',#1329,.T.);
#1329 = EDGE_LOOP('',(#1330,#1331,#1339,#1345));
#1330 = ORIENTED_EDGE('',*,*,#1307,.F.);
#1331 = ORIENTED_EDGE('',*,*,#1332,.T.);
#1332 = EDGE_CURVE('',#1308,#1333,#1335,.T.);
#1333 = VERTEX_POINT('',#1334);
#1334 = CARTESIAN_POINT('',(-14.,65.2,0.));
#1335 = LINE('',#1336,#1337);
#1336 = CARTESIAN_POINT('',(7.24E-15,65.2,0.));
#1337 = VECTOR('',#1338,1.);
#1338 = DIRECTION('',(-1.,1.1E-16,0.));
#1339 = ORIENTED_EDGE('',*,*,#1340,.T.);
#1340 = EDGE_CURVE('',#1333,#281,#1341,.T.);
#1341 = LINE('',#1342,#1343);
#1342 = CARTESIAN_POINT('',(-14.,65.2,0.));
#1343 = VECTOR('',#1344,1.);
#1344 = DIRECTION('',(0.,-0.,-1.));
#1345 = ORIENTED_EDGE('',*,*,#280,.T.);
#1346 = PLANE('',#1347);
#1347 = AXIS2_PLACEMENT_3D('',#1348,#1349,#1350);
#1348 = CARTESIAN_POINT('',(3.19E-15,65.2,-15.));
#1349 = DIRECTION('',(-0.,-1.,-0.));
#1350 = DIRECTION('',(0.,0.,-1.));
#1351 = ADVANCED_FACE('',(#1352),#1370,.F.);
#1352 = FACE_BOUND('',#1353,.F.);
#1353 = EDGE_LOOP('',(#1354,#1355,#1356,#1364));
#1354 = ORIENTED_EDGE('',*,*,#1340,.T.);
#1355 = ORIENTED_EDGE('',*,*,#288,.T.);
#1356 = ORIENTED_EDGE('',*,*,#1357,.F.);
#1357 = EDGE_CURVE('',#1358,#289,#1360,.T.);
#1358 = VERTEX_POINT('',#1359);
#1359 = CARTESIAN_POINT('',(-14.,42.2,0.));
#1360 = LINE('',#1361,#1362);
#1361 = CARTESIAN_POINT('',(-14.,42.2,0.));
#1362 = VECTOR('',#1363,1.);
#1363 = DIRECTION('',(0.,-0.,-1.));
#1364 = ORIENTED_EDGE('',*,*,#1365,.F.);
#1365 = EDGE_CURVE('',#1333,#1358,#1366,.T.);
#1366 = LINE('',#1367,#1368);
#1367 = CARTESIAN_POINT('',(-14.,65.2,0.));
#1368 = VECTOR('',#1369,1.);
#1369 = DIRECTION('',(0.,-1.,0.));
#1370 = PLANE('',#1371);
#1371 = AXIS2_PLACEMENT_3D('',#1372,#1373,#1374);
#1372 = CARTESIAN_POINT('',(-14.,65.2,0.));
#1373 = DIRECTION('',(-1.,0.,0.));
#1374 = DIRECTION('',(0.,-1.,0.));
#1375 = ADVANCED_FACE('',(#1376),#1394,.F.);
#1376 = FACE_BOUND('',#1377,.F.);
#1377 = EDGE_LOOP('',(#1378,#1379,#1380,#1388));
#1378 = ORIENTED_EDGE('',*,*,#1357,.T.);
#1379 = ORIENTED_EDGE('',*,*,#296,.T.);
#1380 = ORIENTED_EDGE('',*,*,#1381,.F.);
#1381 = EDGE_CURVE('',#1382,#297,#1384,.T.);
#1382 = VERTEX_POINT('',#1383);
#1383 = CARTESIAN_POINT('',(-42.2,42.2,-9.E-15));
#1384 = LINE('',#1385,#1386);
#1385 = CARTESIAN_POINT('',(-42.2,42.2,0.));
#1386 = VECTOR('',#1387,1.);
#1387 = DIRECTION('',(0.,-0.,-1.));
#1388 = ORIENTED_EDGE('',*,*,#1389,.F.);
#1389 = EDGE_CURVE('',#1358,#1382,#1390,.T.);
#1390 = LINE('',#1391,#1392);
#1391 = CARTESIAN_POINT('',(-14.,42.2,0.));
#1392 = VECTOR('',#1393,1.);
#1393 = DIRECTION('',(-1.,0.,0.));
#1394 = PLANE('',#1395);
#1395 = AXIS2_PLACEMENT_3D('',#1396,#1397,#1398);
#1396 = CARTESIAN_POINT('',(-14.,42.2,0.));
#1397 = DIRECTION('',(0.,1.,0.));
#1398 = DIRECTION('',(-1.,0.,0.));
#1399 = ADVANCED_FACE('',(#1400),#1418,.F.);
#1400 = FACE_BOUND('',#1401,.T.);
#1401 = EDGE_LOOP('',(#1402,#1410,#1411,#1412));
#1402 = ORIENTED_EDGE('',*,*,#1403,.T.);
#1403 = EDGE_CURVE('',#1404,#305,#1406,.T.);
#1404 = VERTEX_POINT('',#1405);
#1405 = CARTESIAN_POINT('',(-42.2,14.,-6.E-15));
#1406 = LINE('',#1407,#1408);
#1407 = CARTESIAN_POINT('',(-42.2,14.,-6.22E-15));
#1408 = VECTOR('',#1409,1.);
#1409 = DIRECTION('',(-0.,-4.4E-16,-1.));
#1410 = ORIENTED_EDGE('',*,*,#304,.T.);
#1411 = ORIENTED_EDGE('',*,*,#1381,.F.);
#1412 = ORIENTED_EDGE('',*,*,#1413,.F.);
#1413 = EDGE_CURVE('',#1404,#1382,#1414,.T.);
#1414 = LINE('',#1415,#1416);
#1415 = CARTESIAN_POINT('',(-42.2,14.,-6.22E-15));
#1416 = VECTOR('',#1417,1.);
#1417 = DIRECTION('',(1.2E-16,1.,-4.4E-16));
#1418 = PLANE('',#1419);
#1419 = AXIS2_PLACEMENT_3D('',#1420,#1421,#1422);
#1420 = CARTESIAN_POINT('',(-42.2,14.,-6.22E-15));
#1421 = DIRECTION('',(-1.,1.2E-16,0.));
#1422 = DIRECTION('',(-1.2E-16,-1.,4.4E-16));
#1423 = ADVANCED_FACE('',(#1424),#1442,.F.);
#1424 = FACE_BOUND('',#1425,.T.);
#1425 = EDGE_LOOP('',(#1426,#1434,#1435,#1436));
#1426 = ORIENTED_EDGE('',*,*,#1427,.T.);
#1427 = EDGE_CURVE('',#1428,#313,#1430,.T.);
#1428 = VERTEX_POINT('',#1429);
#1429 = CARTESIAN_POINT('',(-65.2,14.,-6.E-15));
#1430 = LINE('',#1431,#1432);
#1431 = CARTESIAN_POINT('',(-65.2,14.,-6.22E-15));
#1432 = VECTOR('',#1433,1.);
#1433 = DIRECTION('',(-0.,-4.4E-16,-1.));
#1434 = ORIENTED_EDGE('',*,*,#312,.T.);
#1435 = ORIENTED_EDGE('',*,*,#1403,.F.);
#1436 = ORIENTED_EDGE('',*,*,#1437,.F.);
#1437 = EDGE_CURVE('',#1428,#1404,#1438,.T.);
#1438 = LINE('',#1439,#1440);
#1439 = CARTESIAN_POINT('',(-65.2,14.,-6.22E-15));
#1440 = VECTOR('',#1441,1.);
#1441 = DIRECTION('',(1.,-1.2E-16,0.));
#1442 = PLANE('',#1443);
#1443 = AXIS2_PLACEMENT_3D('',#1444,#1445,#1446);
#1444 = CARTESIAN_POINT('',(-65.2,14.,-6.22E-15));
#1445 = DIRECTION('',(1.2E-16,1.,-4.4E-16));
#1446 = DIRECTION('',(-1.,1.2E-16,0.));
#1447 = ADVANCED_FACE('',(#1448),#1466,.T.);
#1448 = FACE_BOUND('',#1449,.T.);
#1449 = EDGE_LOOP('',(#1450,#1458,#1459,#1460));
#1450 = ORIENTED_EDGE('',*,*,#1451,.T.);
#1451 = EDGE_CURVE('',#1452,#321,#1454,.T.);
#1452 = VERTEX_POINT('',#1453);
#1453 = CARTESIAN_POINT('',(-65.2,-14.,0.));
#1454 = LINE('',#1455,#1456);
#1455 = CARTESIAN_POINT('',(-65.2,-14.,0.));
#1456 = VECTOR('',#1457,1.);
#1457 = DIRECTION('',(0.,0.,-1.));
#1458 = ORIENTED_EDGE('',*,*,#320,.T.);
#1459 = ORIENTED_EDGE('',*,*,#1427,.F.);
#1460 = ORIENTED_EDGE('',*,*,#1461,.T.);
#1461 = EDGE_CURVE('',#1428,#1452,#1462,.T.);
#1462 = LINE('',#1463,#1464);
#1463 = CARTESIAN_POINT('',(-65.2,7.98E-15,0.));
#1464 = VECTOR('',#1465,1.);
#1465 = DIRECTION('',(-1.2E-16,-1.,0.));
#1466 = PLANE('',#1467);
#1467 = AXIS2_PLACEMENT_3D('',#1468,#1469,#1470);
#1468 = CARTESIAN_POINT('',(-65.2,4.78E-15,-15.));
#1469 = DIRECTION('',(1.,0.,0.));
#1470 = DIRECTION('',(0.,0.,1.));
#1471 = ADVANCED_FACE('',(#1472),#1490,.F.);
#1472 = FACE_BOUND('',#1473,.F.);
#1473 = EDGE_LOOP('',(#1474,#1475,#1476,#1484));
#1474 = ORIENTED_EDGE('',*,*,#1451,.T.);
#1475 = ORIENTED_EDGE('',*,*,#328,.T.);
#1476 = ORIENTED_EDGE('',*,*,#1477,.F.);
#1477 = EDGE_CURVE('',#1478,#329,#1480,.T.);
#1478 = VERTEX_POINT('',#1479);
#1479 = CARTESIAN_POINT('',(-42.2,-14.,0.));
#1480 = LINE('',#1481,#1482);
#1481 = CARTESIAN_POINT('',(-42.2,-14.,0.));
#1482 = VECTOR('',#1483,1.);
#1483 = DIRECTION('',(0.,0.,-1.));
#1484 = ORIENTED_EDGE('',*,*,#1485,.F.);
#1485 = EDGE_CURVE('',#1452,#1478,#1486,.T.);
#1486 = LINE('',#1487,#1488);
#1487 = CARTESIAN_POINT('',(-65.2,-14.,0.));
#1488 = VECTOR('',#1489,1.);
#1489 = DIRECTION('',(1.,0.,0.));
#1490 = PLANE('',#1491);
#1491 = AXIS2_PLACEMENT_3D('',#1492,#1493,#1494);
#1492 = CARTESIAN_POINT('',(-65.2,-14.,0.));
#1493 = DIRECTION('',(0.,-1.,0.));
#1494 = DIRECTION('',(1.,0.,0.));
#1495 = ADVANCED_FACE('',(#1496),#1514,.F.);
#1496 = FACE_BOUND('',#1497,.F.);
#1497 = EDGE_LOOP('',(#1498,#1499,#1500,#1508));
#1498 = ORIENTED_EDGE('',*,*,#1477,.T.);
#1499 = ORIENTED_EDGE('',*,*,#336,.T.);
#1500 = ORIENTED_EDGE('',*,*,#1501,.F.);
#1501 = EDGE_CURVE('',#1502,#337,#1504,.T.);
#1502 = VERTEX_POINT('',#1503);
#1503 = CARTESIAN_POINT('',(-42.2,-42.2,-9.E-15));
#1504 = LINE('',#1505,#1506);
#1505 = CARTESIAN_POINT('',(-42.2,-42.2,0.));
#1506 = VECTOR('',#1507,1.);
#1507 = DIRECTION('',(0.,0.,-1.));
#1508 = ORIENTED_EDGE('',*,*,#1509,.F.);
#1509 = EDGE_CURVE('',#1478,#1502,#1510,.T.);
#1510 = LINE('',#1511,#1512);
#1511 = CARTESIAN_POINT('',(-42.2,-14.,0.));
#1512 = VECTOR('',#1513,1.);
#1513 = DIRECTION('',(0.,-1.,0.));
#1514 = PLANE('',#1515);
#1515 = AXIS2_PLACEMENT_3D('',#1516,#1517,#1518);
#1516 = CARTESIAN_POINT('',(-42.2,-14.,0.));
#1517 = DIRECTION('',(-1.,0.,0.));
#1518 = DIRECTION('',(0.,-1.,0.));
#1519 = ADVANCED_FACE('',(#1520),#1538,.F.);
#1520 = FACE_BOUND('',#1521,.T.);
#1521 = EDGE_LOOP('',(#1522,#1530,#1531,#1532));
#1522 = ORIENTED_EDGE('',*,*,#1523,.T.);
#1523 = EDGE_CURVE('',#1524,#345,#1526,.T.);
#1524 = VERTEX_POINT('',#1525);
#1525 = CARTESIAN_POINT('',(-14.,-42.2,-6.E-15));
#1526 = LINE('',#1527,#1528);
#1527 = CARTESIAN_POINT('',(-14.,-42.2,-6.22E-15));
#1528 = VECTOR('',#1529,1.);
#1529 = DIRECTION('',(4.4E-16,0.,-1.));
#1530 = ORIENTED_EDGE('',*,*,#344,.T.);
#1531 = ORIENTED_EDGE('',*,*,#1501,.F.);
#1532 = ORIENTED_EDGE('',*,*,#1533,.F.);
#1533 = EDGE_CURVE('',#1524,#1502,#1534,.T.);
#1534 = LINE('',#1535,#1536);
#1535 = CARTESIAN_POINT('',(-14.,-42.2,-6.22E-15));
#1536 = VECTOR('',#1537,1.);
#1537 = DIRECTION('',(-1.,2.2E-16,-4.4E-16));
#1538 = PLANE('',#1539);
#1539 = AXIS2_PLACEMENT_3D('',#1540,#1541,#1542);
#1540 = CARTESIAN_POINT('',(-14.,-42.2,-6.22E-15));
#1541 = DIRECTION('',(-2.2E-16,-1.,-0.));
#1542 = DIRECTION('',(1.,-2.2E-16,4.4E-16));
#1543 = ADVANCED_FACE('',(#1544),#1562,.F.);
#1544 = FACE_BOUND('',#1545,.T.);
#1545 = EDGE_LOOP('',(#1546,#1554,#1555,#1556));
#1546 = ORIENTED_EDGE('',*,*,#1547,.T.);
#1547 = EDGE_CURVE('',#1548,#353,#1550,.T.);
#1548 = VERTEX_POINT('',#1549);
#1549 = CARTESIAN_POINT('',(-14.,-65.2,-6.E-15));
#1550 = LINE('',#1551,#1552);
#1551 = CARTESIAN_POINT('',(-14.,-65.2,-6.22E-15));
#1552 = VECTOR('',#1553,1.);
#1553 = DIRECTION('',(4.4E-16,0.,-1.));
#1554 = ORIENTED_EDGE('',*,*,#352,.T.);
#1555 = ORIENTED_EDGE('',*,*,#1523,.F.);
#1556 = ORIENTED_EDGE('',*,*,#1557,.F.);
#1557 = EDGE_CURVE('',#1548,#1524,#1558,.T.);
#1558 = LINE('',#1559,#1560);
#1559 = CARTESIAN_POINT('',(-14.,-65.2,-6.22E-15));
#1560 = VECTOR('',#1561,1.);
#1561 = DIRECTION('',(2.2E-16,1.,0.));
#1562 = PLANE('',#1563);
#1563 = AXIS2_PLACEMENT_3D('',#1564,#1565,#1566);
#1564 = CARTESIAN_POINT('',(-14.,-65.2,-6.22E-15));
#1565 = DIRECTION('',(-1.,2.2E-16,-4.4E-16));
#1566 = DIRECTION('',(-2.2E-16,-1.,-0.));
#1567 = ADVANCED_FACE('',(#1568),#1586,.T.);
#1568 = FACE_BOUND('',#1569,.T.);
#1569 = EDGE_LOOP('',(#1570,#1578,#1579,#1580));
#1570 = ORIENTED_EDGE('',*,*,#1571,.T.);
#1571 = EDGE_CURVE('',#1572,#361,#1574,.T.);
#1572 = VERTEX_POINT('',#1573);
#1573 = CARTESIAN_POINT('',(14.,-65.2,0.));
#1574 = LINE('',#1575,#1576);
#1575 = CARTESIAN_POINT('',(14.,-65.2,0.));
#1576 = VECTOR('',#1577,1.);
#1577 = DIRECTION('',(-0.,0.,-1.));
#1578 = ORIENTED_EDGE('',*,*,#360,.T.);
#1579 = ORIENTED_EDGE('',*,*,#1547,.F.);
#1580 = ORIENTED_EDGE('',*,*,#1581,.T.);
#1581 = EDGE_CURVE('',#1548,#1572,#1582,.T.);
#1582 = LINE('',#1583,#1584);
#1583 = CARTESIAN_POINT('',(-1.448E-14,-65.2,0.));
#1584 = VECTOR('',#1585,1.);
#1585 = DIRECTION('',(1.,-2.2E-16,0.));
#1586 = PLANE('',#1587);
#1587 = AXIS2_PLACEMENT_3D('',#1588,#1589,#1590);
#1588 = CARTESIAN_POINT('',(-1.066E-14,-65.2,-15.));
#1589 = DIRECTION('',(0.,1.,0.));
#1590 = DIRECTION('',(0.,0.,1.));
#1591 = ADVANCED_FACE('',(#1592),#1610,.F.);
#1592 = FACE_BOUND('',#1593,.F.);
#1593 = EDGE_LOOP('',(#1594,#1595,#1596,#1604));
#1594 = ORIENTED_EDGE('',*,*,#1571,.T.);
#1595 = ORIENTED_EDGE('',*,*,#368,.T.);
#1596 = ORIENTED_EDGE('',*,*,#1597,.F.);
#1597 = EDGE_CURVE('',#1598,#369,#1600,.T.);
#1598 = VERTEX_POINT('',#1599);
#1599 = CARTESIAN_POINT('',(14.,-42.2,0.));
#1600 = LINE('',#1601,#1602);
#1601 = CARTESIAN_POINT('',(14.,-42.2,0.));
#1602 = VECTOR('',#1603,1.);
#1603 = DIRECTION('',(-0.,0.,-1.));
#1604 = ORIENTED_EDGE('',*,*,#1605,.F.);
#1605 = EDGE_CURVE('',#1572,#1598,#1606,.T.);
#1606 = LINE('',#1607,#1608);
#1607 = CARTESIAN_POINT('',(14.,-65.2,0.));
#1608 = VECTOR('',#1609,1.);
#1609 = DIRECTION('',(0.,1.,0.));
#1610 = PLANE('',#1611);
#1611 = AXIS2_PLACEMENT_3D('',#1612,#1613,#1614);
#1612 = CARTESIAN_POINT('',(14.,-65.2,0.));
#1613 = DIRECTION('',(1.,0.,0.));
#1614 = DIRECTION('',(0.,1.,0.));
#1615 = ADVANCED_FACE('',(#1616),#1634,.F.);
#1616 = FACE_BOUND('',#1617,.F.);
#1617 = EDGE_LOOP('',(#1618,#1619,#1620,#1628));
#1618 = ORIENTED_EDGE('',*,*,#1597,.T.);
#1619 = ORIENTED_EDGE('',*,*,#376,.T.);
#1620 = ORIENTED_EDGE('',*,*,#1621,.F.);
#1621 = EDGE_CURVE('',#1622,#377,#1624,.T.);
#1622 = VERTEX_POINT('',#1623);
#1623 = CARTESIAN_POINT('',(42.2,-42.2,-9.E-15));
#1624 = LINE('',#1625,#1626);
#1625 = CARTESIAN_POINT('',(42.2,-42.2,-1.874E-14));
#1626 = VECTOR('',#1627,1.);
#1627 = DIRECTION('',(0.,4.4E-16,-1.));
#1628 = ORIENTED_EDGE('',*,*,#1629,.F.);
#1629 = EDGE_CURVE('',#1598,#1622,#1630,.T.);
#1630 = LINE('',#1631,#1632);
#1631 = CARTESIAN_POINT('',(14.,-42.2,0.));
#1632 = VECTOR('',#1633,1.);
#1633 = DIRECTION('',(1.,0.,0.));
#1634 = PLANE('',#1635);
#1635 = AXIS2_PLACEMENT_3D('',#1636,#1637,#1638);
#1636 = CARTESIAN_POINT('',(14.,-42.2,0.));
#1637 = DIRECTION('',(0.,-1.,0.));
#1638 = DIRECTION('',(1.,0.,0.));
#1639 = ADVANCED_FACE('',(#1640),#1658,.F.);
#1640 = FACE_BOUND('',#1641,.T.);
#1641 = EDGE_LOOP('',(#1642,#1650,#1651,#1652));
#1642 = ORIENTED_EDGE('',*,*,#1643,.T.);
#1643 = EDGE_CURVE('',#1644,#385,#1646,.T.);
#1644 = VERTEX_POINT('',#1645);
#1645 = CARTESIAN_POINT('',(42.2,-14.,-6.E-15));
#1646 = LINE('',#1647,#1648);
#1647 = CARTESIAN_POINT('',(42.2,-14.,-6.22E-15));
#1648 = VECTOR('',#1649,1.);
#1649 = DIRECTION('',(0.,4.4E-16,-1.));
#1650 = ORIENTED_EDGE('',*,*,#384,.T.);
#1651 = ORIENTED_EDGE('',*,*,#1621,.F.);
#1652 = ORIENTED_EDGE('',*,*,#1653,.F.);
#1653 = EDGE_CURVE('',#1644,#1622,#1654,.T.);
#1654 = LINE('',#1655,#1656);
#1655 = CARTESIAN_POINT('',(42.2,-14.,-6.22E-15));
#1656 = VECTOR('',#1657,1.);
#1657 = DIRECTION('',(-0.,-1.,-4.4E-16));
#1658 = PLANE('',#1659);
#1659 = AXIS2_PLACEMENT_3D('',#1660,#1661,#1662);
#1660 = CARTESIAN_POINT('',(42.2,-14.,-6.22E-15));
#1661 = DIRECTION('',(1.,0.,0.));
#1662 = DIRECTION('',(0.,1.,4.4E-16));
#1663 = ADVANCED_FACE('',(#1664),#1675,.F.);
#1664 = FACE_BOUND('',#1665,.T.);
#1665 = EDGE_LOOP('',(#1666,#1667,#1668,#1669));
#1666 = ORIENTED_EDGE('',*,*,#1204,.T.);
#1667 = ORIENTED_EDGE('',*,*,#392,.T.);
#1668 = ORIENTED_EDGE('',*,*,#1643,.F.);
#1669 = ORIENTED_EDGE('',*,*,#1670,.F.);
#1670 = EDGE_CURVE('',#1205,#1644,#1671,.T.);
#1671 = LINE('',#1672,#1673);
#1672 = CARTESIAN_POINT('',(65.2,-14.,-6.22E-15));
#1673 = VECTOR('',#1674,1.);
#1674 = DIRECTION('',(-1.,-0.,-0.));
#1675 = PLANE('',#1676);
#1676 = AXIS2_PLACEMENT_3D('',#1677,#1678,#1679);
#1677 = CARTESIAN_POINT('',(65.2,-14.,-6.22E-15));
#1678 = DIRECTION('',(-0.,-1.,-4.4E-16));
#1679 = DIRECTION('',(1.,0.,0.));
#1680 = ADVANCED_FACE('',(#1681),#1700,.F.);
#1681 = FACE_BOUND('',#1682,.F.);
#1682 = EDGE_LOOP('',(#1683,#1691,#1692,#1693));
#1683 = ORIENTED_EDGE('',*,*,#1684,.T.);
#1684 = EDGE_CURVE('',#1685,#570,#1687,.T.);
#1685 = VERTEX_POINT('',#1686);
#1686 = CARTESIAN_POINT('',(-10.35,-63.15,-5.E-15));
#1687 = LINE('',#1688,#1689);
#1688 = CARTESIAN_POINT('',(-10.35,-63.15,-4.6E-15));
#1689 = VECTOR('',#1690,1.);
#1690 = DIRECTION('',(-4.4E-16,0.,1.));
#1691 = ORIENTED_EDGE('',*,*,#569,.T.);
#1692 = ORIENTED_EDGE('',*,*,#1684,.F.);
#1693 = ORIENTED_EDGE('',*,*,#1694,.F.);
#1694 = EDGE_CURVE('',#1685,#1685,#1695,.T.);
#1695 = CIRCLE('',#1696,1.6);
#1696 = AXIS2_PLACEMENT_3D('',#1697,#1698,#1699);
#1697 = CARTESIAN_POINT('',(-10.35,-61.55,-4.6E-15));
#1698 = DIRECTION('',(4.4E-16,0.,-1.));
#1699 = DIRECTION('',(-2.2E-16,-1.,-9.68E-32));
#1700 = CYLINDRICAL_SURFACE('',#1701,1.6);
#1701 = AXIS2_PLACEMENT_3D('',#1702,#1703,#1704);
#1702 = CARTESIAN_POINT('',(-10.35,-61.55,-4.6E-15));
#1703 = DIRECTION('',(4.4E-16,0.,-1.));
#1704 = DIRECTION('',(-2.2E-16,-1.,-9.68E-32));
#1705 = ADVANCED_FACE('',(#1706),#1731,.F.);
#1706 = FACE_BOUND('',#1707,.T.);
#1707 = EDGE_LOOP('',(#1708,#1716,#1717,#1725));
#1708 = ORIENTED_EDGE('',*,*,#1709,.T.);
#1709 = EDGE_CURVE('',#1710,#581,#1712,.T.);
#1710 = VERTEX_POINT('',#1711);
#1711 = CARTESIAN_POINT('',(-3.,-48.2,-1.E-15));
#1712 = LINE('',#1713,#1714);
#1713 = CARTESIAN_POINT('',(-3.,-48.2,-1.33E-15));
#1714 = VECTOR('',#1715,1.);
#1715 = DIRECTION('',(-4.4E-16,0.,1.));
#1716 = ORIENTED_EDGE('',*,*,#580,.T.);
#1717 = ORIENTED_EDGE('',*,*,#1718,.F.);
#1718 = EDGE_CURVE('',#1719,#583,#1721,.T.);
#1719 = VERTEX_POINT('',#1720);
#1720 = CARTESIAN_POINT('',(-3.,-63.2,-1.E-15));
#1721 = LINE('',#1722,#1723);
#1722 = CARTESIAN_POINT('',(-3.,-63.2,-1.33E-15));
#1723 = VECTOR('',#1724,1.);
#1724 = DIRECTION('',(-4.4E-16,0.,1.));
#1725 = ORIENTED_EDGE('',*,*,#1726,.F.);
#1726 = EDGE_CURVE('',#1710,#1719,#1727,.T.);
#1727 = LINE('',#1728,#1729);
#1728 = CARTESIAN_POINT('',(-3.,-48.2,-1.33E-15));
#1729 = VECTOR('',#1730,1.);
#1730 = DIRECTION('',(-2.2E-16,-1.,-0.));
#1731 = PLANE('',#1732);
#1732 = AXIS2_PLACEMENT_3D('',#1733,#1734,#1735);
#1733 = CARTESIAN_POINT('',(-3.,-48.2,-1.33E-15));
#1734 = DIRECTION('',(-1.,2.2E-16,-4.4E-16));
#1735 = DIRECTION('',(2.2E-16,1.,0.));
#1736 = ADVANCED_FACE('',(#1737),#1755,.T.);
#1737 = FACE_BOUND('',#1738,.T.);
#1738 = EDGE_LOOP('',(#1739,#1747,#1748,#1749));
#1739 = ORIENTED_EDGE('',*,*,#1740,.T.);
#1740 = EDGE_CURVE('',#1741,#591,#1743,.T.);
#1741 = VERTEX_POINT('',#1742);
#1742 = CARTESIAN_POINT('',(3.,-48.2,0.));
#1743 = LINE('',#1744,#1745);
#1744 = CARTESIAN_POINT('',(3.,-48.2,0.));
#1745 = VECTOR('',#1746,1.);
#1746 = DIRECTION('',(0.,0.,1.));
#1747 = ORIENTED_EDGE('',*,*,#590,.T.);
#1748 = ORIENTED_EDGE('',*,*,#1709,.F.);
#1749 = ORIENTED_EDGE('',*,*,#1750,.F.);
#1750 = EDGE_CURVE('',#1741,#1710,#1751,.T.);
#1751 = LINE('',#1752,#1753);
#1752 = CARTESIAN_POINT('',(-1.07E-14,-48.2,0.));
#1753 = VECTOR('',#1754,1.);
#1754 = DIRECTION('',(-1.,2.2E-16,-4.4E-16));
#1755 = PLANE('',#1756);
#1756 = AXIS2_PLACEMENT_3D('',#1757,#1758,#1759);
#1757 = CARTESIAN_POINT('',(-1.094E-14,-48.2,1.));
#1758 = DIRECTION('',(-0.,-1.,-0.));
#1759 = DIRECTION('',(0.,0.,-1.));
#1760 = ADVANCED_FACE('',(#1761),#1779,.T.);
#1761 = FACE_BOUND('',#1762,.T.);
#1762 = EDGE_LOOP('',(#1763,#1771,#1777,#1778));
#1763 = ORIENTED_EDGE('',*,*,#1764,.F.);
#1764 = EDGE_CURVE('',#1765,#599,#1767,.T.);
#1765 = VERTEX_POINT('',#1766);
#1766 = CARTESIAN_POINT('',(3.,-63.2,0.));
#1767 = LINE('',#1768,#1769);
#1768 = CARTESIAN_POINT('',(3.,-63.2,0.));
#1769 = VECTOR('',#1770,1.);
#1770 = DIRECTION('',(0.,0.,1.));
#1771 = ORIENTED_EDGE('',*,*,#1772,.T.);
#1772 = EDGE_CURVE('',#1765,#1719,#1773,.T.);
#1773 = LINE('',#1774,#1775);
#1774 = CARTESIAN_POINT('',(3.,-63.2,0.));
#1775 = VECTOR('',#1776,1.);
#1776 = DIRECTION('',(-1.,2.2E-16,0.));
#1777 = ORIENTED_EDGE('',*,*,#1718,.T.);
#1778 = ORIENTED_EDGE('',*,*,#606,.F.);
#1779 = PLANE('',#1780);
#1780 = AXIS2_PLACEMENT_3D('',#1781,#1782,#1783);
#1781 = CARTESIAN_POINT('',(-1.442E-14,-63.2,1.));
#1782 = DIRECTION('',(0.,1.,0.));
#1783 = DIRECTION('',(0.,0.,1.));
#1784 = ADVANCED_FACE('',(#1785),#1796,.F.);
#1785 = FACE_BOUND('',#1786,.F.);
#1786 = EDGE_LOOP('',(#1787,#1788,#1789,#1790));
#1787 = ORIENTED_EDGE('',*,*,#1740,.T.);
#1788 = ORIENTED_EDGE('',*,*,#598,.T.);
#1789 = ORIENTED_EDGE('',*,*,#1764,.F.);
#1790 = ORIENTED_EDGE('',*,*,#1791,.F.);
#1791 = EDGE_CURVE('',#1741,#1765,#1792,.T.);
#1792 = LINE('',#1793,#1794);
#1793 = CARTESIAN_POINT('',(3.,-48.2,0.));
#1794 = VECTOR('',#1795,1.);
#1795 = DIRECTION('',(0.,-1.,0.));
#1796 = PLANE('',#1797);
#1797 = AXIS2_PLACEMENT_3D('',#1798,#1799,#1800);
#1798 = CARTESIAN_POINT('',(3.,-48.2,0.));
#1799 = DIRECTION('',(1.,0.,0.));
#1800 = DIRECTION('',(0.,-1.,0.));
#1801 = ADVANCED_FACE('',(#1802),#1821,.F.);
#1802 = FACE_BOUND('',#1803,.F.);
#1803 = EDGE_LOOP('',(#1804,#1812,#1813,#1814));
#1804 = ORIENTED_EDGE('',*,*,#1805,.T.);
#1805 = EDGE_CURVE('',#1806,#615,#1808,.T.);
#1806 = VERTEX_POINT('',#1807);
#1807 = CARTESIAN_POINT('',(-10.35,-51.45,-5.E-15));
#1808 = LINE('',#1809,#1810);
#1809 = CARTESIAN_POINT('',(-10.35,-51.45,-4.6E-15));
#1810 = VECTOR('',#1811,1.);
#1811 = DIRECTION('',(-4.4E-16,0.,1.));
#1812 = ORIENTED_EDGE('',*,*,#614,.T.);
#1813 = ORIENTED_EDGE('',*,*,#1805,.F.);
#1814 = ORIENTED_EDGE('',*,*,#1815,.F.);
#1815 = EDGE_CURVE('',#1806,#1806,#1816,.T.);
#1816 = CIRCLE('',#1817,1.6);
#1817 = AXIS2_PLACEMENT_3D('',#1818,#1819,#1820);
#1818 = CARTESIAN_POINT('',(-10.35,-49.85,-4.6E-15));
#1819 = DIRECTION('',(4.4E-16,0.,-1.));
#1820 = DIRECTION('',(-2.2E-16,-1.,-9.68E-32));
#1821 = CYLINDRICAL_SURFACE('',#1822,1.6);
#1822 = AXIS2_PLACEMENT_3D('',#1823,#1824,#1825);
#1823 = CARTESIAN_POINT('',(-10.35,-49.85,-4.6E-15));
#1824 = DIRECTION('',(4.4E-16,0.,-1.));
#1825 = DIRECTION('',(-2.2E-16,-1.,-9.68E-32));
#1826 = ADVANCED_FACE('',(#1827),#1846,.F.);
#1827 = FACE_BOUND('',#1828,.T.);
#1828 = EDGE_LOOP('',(#1829,#1837,#1838,#1839));
#1829 = ORIENTED_EDGE('',*,*,#1830,.T.);
#1830 = EDGE_CURVE('',#1831,#626,#1833,.T.);
#1831 = VERTEX_POINT('',#1832);
#1832 = CARTESIAN_POINT('',(-63.15,-10.35,0.));
#1833 = LINE('',#1834,#1835);
#1834 = CARTESIAN_POINT('',(-63.15,-10.35,0.));
#1835 = VECTOR('',#1836,1.);
#1836 = DIRECTION('',(0.,0.,1.));
#1837 = ORIENTED_EDGE('',*,*,#625,.T.);
#1838 = ORIENTED_EDGE('',*,*,#1830,.F.);
#1839 = ORIENTED_EDGE('',*,*,#1840,.F.);
#1840 = EDGE_CURVE('',#1831,#1831,#1841,.T.);
#1841 = CIRCLE('',#1842,1.6);
#1842 = AXIS2_PLACEMENT_3D('',#1843,#1844,#1845);
#1843 = CARTESIAN_POINT('',(-61.55,-10.35,0.));
#1844 = DIRECTION('',(0.,0.,1.));
#1845 = DIRECTION('',(-1.,0.,0.));
#1846 = CYLINDRICAL_SURFACE('',#1847,1.6);
#1847 = AXIS2_PLACEMENT_3D('',#1848,#1849,#1850);
#1848 = CARTESIAN_POINT('',(-61.55,-10.35,0.));
#1849 = DIRECTION('',(0.,0.,-1.));
#1850 = DIRECTION('',(-1.,0.,0.));
#1851 = ADVANCED_FACE('',(#1852),#1871,.F.);
#1852 = FACE_BOUND('',#1853,.T.);
#1853 = EDGE_LOOP('',(#1854,#1862,#1863,#1864));
#1854 = ORIENTED_EDGE('',*,*,#1855,.T.);
#1855 = EDGE_CURVE('',#1856,#637,#1858,.T.);
#1856 = VERTEX_POINT('',#1857);
#1857 = CARTESIAN_POINT('',(-51.45,-10.35,0.));
#1858 = LINE('',#1859,#1860);
#1859 = CARTESIAN_POINT('',(-51.45,-10.35,0.));
#1860 = VECTOR('',#1861,1.);
#1861 = DIRECTION('',(0.,0.,1.));
#1862 = ORIENTED_EDGE('',*,*,#636,.T.);
#1863 = ORIENTED_EDGE('',*,*,#1855,.F.);
#1864 = ORIENTED_EDGE('',*,*,#1865,.F.);
#1865 = EDGE_CURVE('',#1856,#1856,#1866,.T.);
#1866 = CIRCLE('',#1867,1.6);
#1867 = AXIS2_PLACEMENT_3D('',#1868,#1869,#1870);
#1868 = CARTESIAN_POINT('',(-49.85,-10.35,0.));
#1869 = DIRECTION('',(0.,0.,1.));
#1870 = DIRECTION('',(-1.,0.,0.));
#1871 = CYLINDRICAL_SURFACE('',#1872,1.6);
#1872 = AXIS2_PLACEMENT_3D('',#1873,#1874,#1875);
#1873 = CARTESIAN_POINT('',(-49.85,-10.35,0.));
#1874 = DIRECTION('',(0.,0.,-1.));
#1875 = DIRECTION('',(-1.,0.,0.));
#1876 = ADVANCED_FACE('',(#1877),#1902,.F.);
#1877 = FACE_BOUND('',#1878,.T.);
#1878 = EDGE_LOOP('',(#1879,#1887,#1888,#1896));
#1879 = ORIENTED_EDGE('',*,*,#1880,.T.);
#1880 = EDGE_CURVE('',#1881,#648,#1883,.T.);
#1881 = VERTEX_POINT('',#1882);
#1882 = CARTESIAN_POINT('',(-48.2,3.,-1.E-15));
#1883 = LINE('',#1884,#1885);
#1884 = CARTESIAN_POINT('',(-48.2,3.,-1.33E-15));
#1885 = VECTOR('',#1886,1.);
#1886 = DIRECTION('',(0.,4.4E-16,1.));
#1887 = ORIENTED_EDGE('',*,*,#647,.T.);
#1888 = ORIENTED_EDGE('',*,*,#1889,.F.);
#1889 = EDGE_CURVE('',#1890,#650,#1892,.T.);
#1890 = VERTEX_POINT('',#1891);
#1891 = CARTESIAN_POINT('',(-63.2,3.,-1.E-15));
#1892 = LINE('',#1893,#1894);
#1893 = CARTESIAN_POINT('',(-63.2,3.,-1.33E-15));
#1894 = VECTOR('',#1895,1.);
#1895 = DIRECTION('',(0.,4.4E-16,1.));
#1896 = ORIENTED_EDGE('',*,*,#1897,.F.);
#1897 = EDGE_CURVE('',#1881,#1890,#1898,.T.);
#1898 = LINE('',#1899,#1900);
#1899 = CARTESIAN_POINT('',(-48.2,3.,-1.33E-15));
#1900 = VECTOR('',#1901,1.);
#1901 = DIRECTION('',(-1.,1.2E-16,0.));
#1902 = PLANE('',#1903);
#1903 = AXIS2_PLACEMENT_3D('',#1904,#1905,#1906);
#1904 = CARTESIAN_POINT('',(-48.2,3.,-1.33E-15));
#1905 = DIRECTION('',(1.2E-16,1.,-4.4E-16));
#1906 = DIRECTION('',(1.,-1.2E-16,0.));
#1907 = ADVANCED_FACE('',(#1908),#1926,.T.);
#1908 = FACE_BOUND('',#1909,.T.);
#1909 = EDGE_LOOP('',(#1910,#1918,#1919,#1920));
#1910 = ORIENTED_EDGE('',*,*,#1911,.T.);
#1911 = EDGE_CURVE('',#1912,#658,#1914,.T.);
#1912 = VERTEX_POINT('',#1913);
#1913 = CARTESIAN_POINT('',(-48.2,-3.,0.));
#1914 = LINE('',#1915,#1916);
#1915 = CARTESIAN_POINT('',(-48.2,-3.,0.));
#1916 = VECTOR('',#1917,1.);
#1917 = DIRECTION('',(0.,0.,1.));
#1918 = ORIENTED_EDGE('',*,*,#657,.T.);
#1919 = ORIENTED_EDGE('',*,*,#1880,.F.);
#1920 = ORIENTED_EDGE('',*,*,#1921,.T.);
#1921 = EDGE_CURVE('',#1881,#1912,#1922,.T.);
#1922 = LINE('',#1923,#1924);
#1923 = CARTESIAN_POINT('',(-48.2,5.9E-15,0.));
#1924 = VECTOR('',#1925,1.);
#1925 = DIRECTION('',(-1.2E-16,-1.,0.));
#1926 = PLANE('',#1927);
#1927 = AXIS2_PLACEMENT_3D('',#1928,#1929,#1930);
#1928 = CARTESIAN_POINT('',(-48.2,6.05E-15,1.));
#1929 = DIRECTION('',(-1.,-0.,-0.));
#1930 = DIRECTION('',(0.,0.,-1.));
#1931 = ADVANCED_FACE('',(#1932),#1950,.T.);
#1932 = FACE_BOUND('',#1933,.T.);
#1933 = EDGE_LOOP('',(#1934,#1942,#1948,#1949));
#1934 = ORIENTED_EDGE('',*,*,#1935,.F.);
#1935 = EDGE_CURVE('',#1936,#666,#1938,.T.);
#1936 = VERTEX_POINT('',#1937);
#1937 = CARTESIAN_POINT('',(-63.2,-3.,0.));
#1938 = LINE('',#1939,#1940);
#1939 = CARTESIAN_POINT('',(-63.2,-3.,0.));
#1940 = VECTOR('',#1941,1.);
#1941 = DIRECTION('',(0.,0.,1.));
#1942 = ORIENTED_EDGE('',*,*,#1943,.F.);
#1943 = EDGE_CURVE('',#1890,#1936,#1944,.T.);
#1944 = LINE('',#1945,#1946);
#1945 = CARTESIAN_POINT('',(-63.2,3.,-1.33E-15));
#1946 = VECTOR('',#1947,1.);
#1947 = DIRECTION('',(-1.2E-16,-1.,4.4E-16));
#1948 = ORIENTED_EDGE('',*,*,#1889,.T.);
#1949 = ORIENTED_EDGE('',*,*,#673,.F.);
#1950 = PLANE('',#1951);
#1951 = AXIS2_PLACEMENT_3D('',#1952,#1953,#1954);
#1952 = CARTESIAN_POINT('',(-63.2,7.89E-15,1.));
#1953 = DIRECTION('',(1.,0.,0.));
#1954 = DIRECTION('',(0.,0.,1.));
#1955 = ADVANCED_FACE('',(#1956),#1967,.F.);
#1956 = FACE_BOUND('',#1957,.F.);
#1957 = EDGE_LOOP('',(#1958,#1959,#1960,#1961));
#1958 = ORIENTED_EDGE('',*,*,#1911,.T.);
#1959 = ORIENTED_EDGE('',*,*,#665,.T.);
#1960 = ORIENTED_EDGE('',*,*,#1935,.F.);
#1961 = ORIENTED_EDGE('',*,*,#1962,.F.);
#1962 = EDGE_CURVE('',#1912,#1936,#1963,.T.);
#1963 = LINE('',#1964,#1965);
#1964 = CARTESIAN_POINT('',(-48.2,-3.,0.));
#1965 = VECTOR('',#1966,1.);
#1966 = DIRECTION('',(-1.,0.,0.));
#1967 = PLANE('',#1968);
#1968 = AXIS2_PLACEMENT_3D('',#1969,#1970,#1971);
#1969 = CARTESIAN_POINT('',(-48.2,-3.,0.));
#1970 = DIRECTION('',(0.,-1.,0.));
#1971 = DIRECTION('',(-1.,0.,0.));
#1972 = ADVANCED_FACE('',(#1973),#1992,.F.);
#1973 = FACE_BOUND('',#1974,.F.);
#1974 = EDGE_LOOP('',(#1975,#1976,#1984,#1991));
#1975 = ORIENTED_EDGE('',*,*,#681,.F.);
#1976 = ORIENTED_EDGE('',*,*,#1977,.T.);
#1977 = EDGE_CURVE('',#682,#1978,#1980,.T.);
#1978 = VERTEX_POINT('',#1979);
#1979 = CARTESIAN_POINT('',(-5.9,-17.5,-3.996802888651E-15));
#1980 = LINE('',#1981,#1982);
#1981 = CARTESIAN_POINT('',(-5.9,-17.5,2.));
#1982 = VECTOR('',#1983,1.);
#1983 = DIRECTION('',(-0.,-0.,-1.));
#1984 = ORIENTED_EDGE('',*,*,#1985,.T.);
#1985 = EDGE_CURVE('',#1978,#1978,#1986,.T.);
#1986 = CIRCLE('',#1987,2.1);
#1987 = AXIS2_PLACEMENT_3D('',#1988,#1989,#1990);
#1988 = CARTESIAN_POINT('',(-8.,-17.5,-3.996802888651E-15));
#1989 = DIRECTION('',(0.,0.,1.));
#1990 = DIRECTION('',(1.,0.,0.));
#1991 = ORIENTED_EDGE('',*,*,#1977,.F.);
#1992 = CYLINDRICAL_SURFACE('',#1993,2.1);
#1993 = AXIS2_PLACEMENT_3D('',#1994,#1995,#1996);
#1994 = CARTESIAN_POINT('',(-8.,-17.5,2.));
#1995 = DIRECTION('',(0.,0.,1.));
#1996 = DIRECTION('',(1.,0.,0.));
#1997 = ADVANCED_FACE('',(#1998),#2017,.F.);
#1998 = FACE_BOUND('',#1999,.F.);
#1999 = EDGE_LOOP('',(#2000,#2001,#2009,#2016));
#2000 = ORIENTED_EDGE('',*,*,#692,.F.);
#2001 = ORIENTED_EDGE('',*,*,#2002,.T.);
#2002 = EDGE_CURVE('',#693,#2003,#2005,.T.);
#2003 = VERTEX_POINT('',#2004);
#2004 = CARTESIAN_POINT('',(4.6,0.,-3.996802888651E-15));
#2005 = LINE('',#2006,#2007);
#2006 = CARTESIAN_POINT('',(4.6,0.,2.));
#2007 = VECTOR('',#2008,1.);
#2008 = DIRECTION('',(-0.,-0.,-1.));
#2009 = ORIENTED_EDGE('',*,*,#2010,.T.);
#2010 = EDGE_CURVE('',#2003,#2003,#2011,.T.);
#2011 = CIRCLE('',#2012,4.6);
#2012 = AXIS2_PLACEMENT_3D('',#2013,#2014,#2015);
#2013 = CARTESIAN_POINT('',(0.,0.,-3.996802888651E-15));
#2014 = DIRECTION('',(0.,0.,1.));
#2015 = DIRECTION('',(1.,0.,0.));
#2016 = ORIENTED_EDGE('',*,*,#2002,.F.);
#2017 = CYLINDRICAL_SURFACE('',#2018,4.6);
#2018 = AXIS2_PLACEMENT_3D('',#2019,#2020,#2021);
#2019 = CARTESIAN_POINT('',(0.,0.,2.));
#2020 = DIRECTION('',(0.,0.,1.));
#2021 = DIRECTION('',(1.,0.,0.));
#2022 = ADVANCED_FACE('',(#2023),#2042,.F.);
#2023 = FACE_BOUND('',#2024,.T.);
#2024 = EDGE_LOOP('',(#2025,#2033,#2034,#2035));
#2025 = ORIENTED_EDGE('',*,*,#2026,.T.);
#2026 = EDGE_CURVE('',#2027,#704,#2029,.T.);
#2027 = VERTEX_POINT('',#2028);
#2028 = CARTESIAN_POINT('',(10.35,-63.15,0.));
#2029 = LINE('',#2030,#2031);
#2030 = CARTESIAN_POINT('',(10.35,-63.15,0.));
#2031 = VECTOR('',#2032,1.);
#2032 = DIRECTION('',(0.,0.,1.));
#2033 = ORIENTED_EDGE('',*,*,#703,.T.);
#2034 = ORIENTED_EDGE('',*,*,#2026,.F.);
#2035 = ORIENTED_EDGE('',*,*,#2036,.F.);
#2036 = EDGE_CURVE('',#2027,#2027,#2037,.T.);
#2037 = CIRCLE('',#2038,1.6);
#2038 = AXIS2_PLACEMENT_3D('',#2039,#2040,#2041);
#2039 = CARTESIAN_POINT('',(10.35,-61.55,0.));
#2040 = DIRECTION('',(-0.,0.,1.));
#2041 = DIRECTION('',(0.,-1.,0.));
#2042 = CYLINDRICAL_SURFACE('',#2043,1.6);
#2043 = AXIS2_PLACEMENT_3D('',#2044,#2045,#2046);
#2044 = CARTESIAN_POINT('',(10.35,-61.55,0.));
#2045 = DIRECTION('',(-0.,0.,-1.));
#2046 = DIRECTION('',(0.,-1.,0.));
#2047 = ADVANCED_FACE('',(#2048),#2067,.F.);
#2048 = FACE_BOUND('',#2049,.T.);
#2049 = EDGE_LOOP('',(#2050,#2058,#2059,#2060));
#2050 = ORIENTED_EDGE('',*,*,#2051,.T.);
#2051 = EDGE_CURVE('',#2052,#715,#2054,.T.);
#2052 = VERTEX_POINT('',#2053);
#2053 = CARTESIAN_POINT('',(10.35,-51.45,0.));
#2054 = LINE('',#2055,#2056);
#2055 = CARTESIAN_POINT('',(10.35,-51.45,0.));
#2056 = VECTOR('',#2057,1.);
#2057 = DIRECTION('',(0.,0.,1.));
#2058 = ORIENTED_EDGE('',*,*,#714,.T.);
#2059 = ORIENTED_EDGE('',*,*,#2051,.F.);
#2060 = ORIENTED_EDGE('',*,*,#2061,.F.);
#2061 = EDGE_CURVE('',#2052,#2052,#2062,.T.);
#2062 = CIRCLE('',#2063,1.6);
#2063 = AXIS2_PLACEMENT_3D('',#2064,#2065,#2066);
#2064 = CARTESIAN_POINT('',(10.35,-49.85,0.));
#2065 = DIRECTION('',(-0.,0.,1.));
#2066 = DIRECTION('',(0.,-1.,0.));
#2067 = CYLINDRICAL_SURFACE('',#2068,1.6);
#2068 = AXIS2_PLACEMENT_3D('',#2069,#2070,#2071);
#2069 = CARTESIAN_POINT('',(10.35,-49.85,0.));
#2070 = DIRECTION('',(-0.,0.,-1.));
#2071 = DIRECTION('',(0.,-1.,0.));
#2072 = ADVANCED_FACE('',(#2073),#2092,.F.);
#2073 = FACE_BOUND('',#2074,.F.);
#2074 = EDGE_LOOP('',(#2075,#2083,#2084,#2085));
#2075 = ORIENTED_EDGE('',*,*,#2076,.T.);
#2076 = EDGE_CURVE('',#2077,#726,#2079,.T.);
#2077 = VERTEX_POINT('',#2078);
#2078 = CARTESIAN_POINT('',(51.45,-10.35,-5.E-15));
#2079 = LINE('',#2080,#2081);
#2080 = CARTESIAN_POINT('',(51.45,-10.35,-4.6E-15));
#2081 = VECTOR('',#2082,1.);
#2082 = DIRECTION('',(0.,-4.4E-16,1.));
#2083 = ORIENTED_EDGE('',*,*,#725,.T.);
#2084 = ORIENTED_EDGE('',*,*,#2076,.F.);
#2085 = ORIENTED_EDGE('',*,*,#2086,.F.);
#2086 = EDGE_CURVE('',#2077,#2077,#2087,.T.);
#2087 = CIRCLE('',#2088,1.6);
#2088 = AXIS2_PLACEMENT_3D('',#2089,#2090,#2091);
#2089 = CARTESIAN_POINT('',(49.85,-10.35,-4.6E-15));
#2090 = DIRECTION('',(0.,4.4E-16,-1.));
#2091 = DIRECTION('',(1.,0.,0.));
#2092 = CYLINDRICAL_SURFACE('',#2093,1.6);
#2093 = AXIS2_PLACEMENT_3D('',#2094,#2095,#2096);
#2094 = CARTESIAN_POINT('',(49.85,-10.35,-4.6E-15));
#2095 = DIRECTION('',(0.,4.4E-16,-1.));
#2096 = DIRECTION('',(1.,0.,0.));
#2097 = ADVANCED_FACE('',(#2098),#2117,.F.);
#2098 = FACE_BOUND('',#2099,.F.);
#2099 = EDGE_LOOP('',(#2100,#2108,#2109,#2110));
#2100 = ORIENTED_EDGE('',*,*,#2101,.T.);
#2101 = EDGE_CURVE('',#2102,#737,#2104,.T.);
#2102 = VERTEX_POINT('',#2103);
#2103 = CARTESIAN_POINT('',(63.15,-10.35,-5.E-15));
#2104 = LINE('',#2105,#2106);
#2105 = CARTESIAN_POINT('',(63.15,-10.35,-4.6E-15));
#2106 = VECTOR('',#2107,1.);
#2107 = DIRECTION('',(0.,-4.4E-16,1.));
#2108 = ORIENTED_EDGE('',*,*,#736,.T.);
#2109 = ORIENTED_EDGE('',*,*,#2101,.F.);
#2110 = ORIENTED_EDGE('',*,*,#2111,.F.);
#2111 = EDGE_CURVE('',#2102,#2102,#2112,.T.);
#2112 = CIRCLE('',#2113,1.6);
#2113 = AXIS2_PLACEMENT_3D('',#2114,#2115,#2116);
#2114 = CARTESIAN_POINT('',(61.55,-10.35,-4.6E-15));
#2115 = DIRECTION('',(0.,4.4E-16,-1.));
#2116 = DIRECTION('',(1.,0.,0.));
#2117 = CYLINDRICAL_SURFACE('',#2118,1.6);
#2118 = AXIS2_PLACEMENT_3D('',#2119,#2120,#2121);
#2119 = CARTESIAN_POINT('',(61.55,-10.35,-4.6E-15));
#2120 = DIRECTION('',(0.,4.4E-16,-1.));
#2121 = DIRECTION('',(1.,0.,0.));
#2122 = ADVANCED_FACE('',(#2123),#2148,.F.);
#2123 = FACE_BOUND('',#2124,.T.);
#2124 = EDGE_LOOP('',(#2125,#2133,#2134,#2142));
#2125 = ORIENTED_EDGE('',*,*,#2126,.T.);
#2126 = EDGE_CURVE('',#2127,#748,#2129,.T.);
#2127 = VERTEX_POINT('',#2128);
#2128 = CARTESIAN_POINT('',(48.2,-3.,-1.E-15));
#2129 = LINE('',#2130,#2131);
#2130 = CARTESIAN_POINT('',(48.2,-3.,-1.33E-15));
#2131 = VECTOR('',#2132,1.);
#2132 = DIRECTION('',(0.,-4.4E-16,1.));
#2133 = ORIENTED_EDGE('',*,*,#747,.T.);
#2134 = ORIENTED_EDGE('',*,*,#2135,.F.);
#2135 = EDGE_CURVE('',#2136,#750,#2138,.T.);
#2136 = VERTEX_POINT('',#2137);
#2137 = CARTESIAN_POINT('',(63.2,-3.,-1.E-15));
#2138 = LINE('',#2139,#2140);
#2139 = CARTESIAN_POINT('',(63.2,-3.,-1.33E-15));
#2140 = VECTOR('',#2141,1.);
#2141 = DIRECTION('',(0.,-4.4E-16,1.));
#2142 = ORIENTED_EDGE('',*,*,#2143,.F.);
#2143 = EDGE_CURVE('',#2127,#2136,#2144,.T.);
#2144 = LINE('',#2145,#2146);
#2145 = CARTESIAN_POINT('',(48.2,-3.,-1.33E-15));
#2146 = VECTOR('',#2147,1.);
#2147 = DIRECTION('',(1.,0.,0.));
#2148 = PLANE('',#2149);
#2149 = AXIS2_PLACEMENT_3D('',#2150,#2151,#2152);
#2150 = CARTESIAN_POINT('',(48.2,-3.,-1.33E-15));
#2151 = DIRECTION('',(-0.,-1.,-4.4E-16));
#2152 = DIRECTION('',(-1.,-0.,-0.));
#2153 = ADVANCED_FACE('',(#2154),#2172,.T.);
#2154 = FACE_BOUND('',#2155,.T.);
#2155 = EDGE_LOOP('',(#2156,#2157,#2165,#2171));
#2156 = ORIENTED_EDGE('',*,*,#2126,.F.);
#2157 = ORIENTED_EDGE('',*,*,#2158,.F.);
#2158 = EDGE_CURVE('',#2159,#2127,#2161,.T.);
#2159 = VERTEX_POINT('',#2160);
#2160 = CARTESIAN_POINT('',(48.2,3.,0.));
#2161 = LINE('',#2162,#2163);
#2162 = CARTESIAN_POINT('',(48.2,0.,0.));
#2163 = VECTOR('',#2164,1.);
#2164 = DIRECTION('',(-0.,-1.,-4.4E-16));
#2165 = ORIENTED_EDGE('',*,*,#2166,.T.);
#2166 = EDGE_CURVE('',#2159,#758,#2167,.T.);
#2167 = LINE('',#2168,#2169);
#2168 = CARTESIAN_POINT('',(48.2,3.,0.));
#2169 = VECTOR('',#2170,1.);
#2170 = DIRECTION('',(0.,0.,1.));
#2171 = ORIENTED_EDGE('',*,*,#757,.T.);
#2172 = PLANE('',#2173);
#2173 = AXIS2_PLACEMENT_3D('',#2174,#2175,#2176);
#2174 = CARTESIAN_POINT('',(48.2,-2.2E-16,1.));
#2175 = DIRECTION('',(1.,0.,0.));
#2176 = DIRECTION('',(0.,0.,1.));
#2177 = ADVANCED_FACE('',(#2178),#2196,.T.);
#2178 = FACE_BOUND('',#2179,.T.);
#2179 = EDGE_LOOP('',(#2180,#2181,#2182,#2190));
#2180 = ORIENTED_EDGE('',*,*,#2135,.T.);
#2181 = ORIENTED_EDGE('',*,*,#773,.F.);
#2182 = ORIENTED_EDGE('',*,*,#2183,.F.);
#2183 = EDGE_CURVE('',#2184,#766,#2186,.T.);
#2184 = VERTEX_POINT('',#2185);
#2185 = CARTESIAN_POINT('',(63.2,3.,0.));
#2186 = LINE('',#2187,#2188);
#2187 = CARTESIAN_POINT('',(63.2,3.,0.));
#2188 = VECTOR('',#2189,1.);
#2189 = DIRECTION('',(0.,0.,1.));
#2190 = ORIENTED_EDGE('',*,*,#2191,.T.);
#2191 = EDGE_CURVE('',#2184,#2136,#2192,.T.);
#2192 = LINE('',#2193,#2194);
#2193 = CARTESIAN_POINT('',(63.2,3.,0.));
#2194 = VECTOR('',#2195,1.);
#2195 = DIRECTION('',(0.,-1.,0.));
#2196 = PLANE('',#2197);
#2197 = AXIS2_PLACEMENT_3D('',#2198,#2199,#2200);
#2198 = CARTESIAN_POINT('',(63.2,-3.3E-16,1.));
#2199 = DIRECTION('',(-1.,-0.,-0.));
#2200 = DIRECTION('',(0.,0.,-1.));
#2201 = ADVANCED_FACE('',(#2202),#2213,.F.);
#2202 = FACE_BOUND('',#2203,.F.);
#2203 = EDGE_LOOP('',(#2204,#2205,#2206,#2207));
#2204 = ORIENTED_EDGE('',*,*,#2166,.T.);
#2205 = ORIENTED_EDGE('',*,*,#765,.T.);
#2206 = ORIENTED_EDGE('',*,*,#2183,.F.);
#2207 = ORIENTED_EDGE('',*,*,#2208,.F.);
#2208 = EDGE_CURVE('',#2159,#2184,#2209,.T.);
#2209 = LINE('',#2210,#2211);
#2210 = CARTESIAN_POINT('',(48.2,3.,0.));
#2211 = VECTOR('',#2212,1.);
#2212 = DIRECTION('',(1.,0.,0.));
#2213 = PLANE('',#2214);
#2214 = AXIS2_PLACEMENT_3D('',#2215,#2216,#2217);
#2215 = CARTESIAN_POINT('',(48.2,3.,0.));
#2216 = DIRECTION('',(0.,1.,0.));
#2217 = DIRECTION('',(1.,0.,0.));
#2218 = ADVANCED_FACE('',(#2219),#2238,.F.);
#2219 = FACE_BOUND('',#2220,.F.);
#2220 = EDGE_LOOP('',(#2221,#2229,#2230,#2231));
#2221 = ORIENTED_EDGE('',*,*,#2222,.T.);
#2222 = EDGE_CURVE('',#2223,#782,#2225,.T.);
#2223 = VERTEX_POINT('',#2224);
#2224 = CARTESIAN_POINT('',(-63.15,10.35,-5.E-15));
#2225 = LINE('',#2226,#2227);
#2226 = CARTESIAN_POINT('',(-63.15,10.35,-4.6E-15));
#2227 = VECTOR('',#2228,1.);
#2228 = DIRECTION('',(0.,4.4E-16,1.));
#2229 = ORIENTED_EDGE('',*,*,#781,.T.);
#2230 = ORIENTED_EDGE('',*,*,#2222,.F.);
#2231 = ORIENTED_EDGE('',*,*,#2232,.F.);
#2232 = EDGE_CURVE('',#2223,#2223,#2233,.T.);
#2233 = CIRCLE('',#2234,1.6);
#2234 = AXIS2_PLACEMENT_3D('',#2235,#2236,#2237);
#2235 = CARTESIAN_POINT('',(-61.55,10.35,-4.6E-15));
#2236 = DIRECTION('',(0.,-4.4E-16,-1.));
#2237 = DIRECTION('',(-1.,1.2E-16,-5.28E-32));
#2238 = CYLINDRICAL_SURFACE('',#2239,1.6);
#2239 = AXIS2_PLACEMENT_3D('',#2240,#2241,#2242);
#2240 = CARTESIAN_POINT('',(-61.55,10.35,-4.6E-15));
#2241 = DIRECTION('',(-0.,-4.4E-16,-1.));
#2242 = DIRECTION('',(-1.,1.2E-16,-5.28E-32));
#2243 = ADVANCED_FACE('',(#2244),#2263,.F.);
#2244 = FACE_BOUND('',#2245,.F.);
#2245 = EDGE_LOOP('',(#2246,#2254,#2255,#2256));
#2246 = ORIENTED_EDGE('',*,*,#2247,.T.);
#2247 = EDGE_CURVE('',#2248,#793,#2250,.T.);
#2248 = VERTEX_POINT('',#2249);
#2249 = CARTESIAN_POINT('',(-51.45,10.35,-5.E-15));
#2250 = LINE('',#2251,#2252);
#2251 = CARTESIAN_POINT('',(-51.45,10.35,-4.6E-15));
#2252 = VECTOR('',#2253,1.);
#2253 = DIRECTION('',(0.,4.4E-16,1.));
#2254 = ORIENTED_EDGE('',*,*,#792,.T.);
#2255 = ORIENTED_EDGE('',*,*,#2247,.F.);
#2256 = ORIENTED_EDGE('',*,*,#2257,.F.);
#2257 = EDGE_CURVE('',#2248,#2248,#2258,.T.);
#2258 = CIRCLE('',#2259,1.6);
#2259 = AXIS2_PLACEMENT_3D('',#2260,#2261,#2262);
#2260 = CARTESIAN_POINT('',(-49.85,10.35,-4.6E-15));
#2261 = DIRECTION('',(0.,-4.4E-16,-1.));
#2262 = DIRECTION('',(-1.,1.2E-16,-5.28E-32));
#2263 = CYLINDRICAL_SURFACE('',#2264,1.6);
#2264 = AXIS2_PLACEMENT_3D('',#2265,#2266,#2267);
#2265 = CARTESIAN_POINT('',(-49.85,10.35,-4.6E-15));
#2266 = DIRECTION('',(-0.,-4.4E-16,-1.));
#2267 = DIRECTION('',(-1.,1.2E-16,-5.28E-32));
#2268 = ADVANCED_FACE('',(#2269),#2288,.F.);
#2269 = FACE_BOUND('',#2270,.F.);
#2270 = EDGE_LOOP('',(#2271,#2272,#2280,#2287));
#2271 = ORIENTED_EDGE('',*,*,#803,.F.);
#2272 = ORIENTED_EDGE('',*,*,#2273,.T.);
#2273 = EDGE_CURVE('',#804,#2274,#2276,.T.);
#2274 = VERTEX_POINT('',#2275);
#2275 = CARTESIAN_POINT('',(-5.9,17.5,-3.996802888651E-15));
#2276 = LINE('',#2277,#2278);
#2277 = CARTESIAN_POINT('',(-5.9,17.5,2.));
#2278 = VECTOR('',#2279,1.);
#2279 = DIRECTION('',(-0.,-0.,-1.));
#2280 = ORIENTED_EDGE('',*,*,#2281,.T.);
#2281 = EDGE_CURVE('',#2274,#2274,#2282,.T.);
#2282 = CIRCLE('',#2283,2.1);
#2283 = AXIS2_PLACEMENT_3D('',#2284,#2285,#2286);
#2284 = CARTESIAN_POINT('',(-8.,17.5,-3.996802888651E-15));
#2285 = DIRECTION('',(0.,0.,1.));
#2286 = DIRECTION('',(1.,0.,0.));
#2287 = ORIENTED_EDGE('',*,*,#2273,.F.);
#2288 = CYLINDRICAL_SURFACE('',#2289,2.1);
#2289 = AXIS2_PLACEMENT_3D('',#2290,#2291,#2292);
#2290 = CARTESIAN_POINT('',(-8.,17.5,2.));
#2291 = DIRECTION('',(0.,0.,1.));
#2292 = DIRECTION('',(1.,0.,0.));
#2293 = ADVANCED_FACE('',(#2294),#2313,.F.);
#2294 = FACE_BOUND('',#2295,.T.);
#2295 = EDGE_LOOP('',(#2296,#2304,#2305,#2306));
#2296 = ORIENTED_EDGE('',*,*,#2297,.T.);
#2297 = EDGE_CURVE('',#2298,#815,#2300,.T.);
#2298 = VERTEX_POINT('',#2299);
#2299 = CARTESIAN_POINT('',(-10.35,51.45,0.));
#2300 = LINE('',#2301,#2302);
#2301 = CARTESIAN_POINT('',(-10.35,51.45,0.));
#2302 = VECTOR('',#2303,1.);
#2303 = DIRECTION('',(0.,0.,1.));
#2304 = ORIENTED_EDGE('',*,*,#814,.T.);
#2305 = ORIENTED_EDGE('',*,*,#2297,.F.);
#2306 = ORIENTED_EDGE('',*,*,#2307,.F.);
#2307 = EDGE_CURVE('',#2298,#2298,#2308,.T.);
#2308 = CIRCLE('',#2309,1.6);
#2309 = AXIS2_PLACEMENT_3D('',#2310,#2311,#2312);
#2310 = CARTESIAN_POINT('',(-10.35,49.85,0.));
#2311 = DIRECTION('',(0.,-0.,1.));
#2312 = DIRECTION('',(0.,1.,0.));
#2313 = CYLINDRICAL_SURFACE('',#2314,1.6);
#2314 = AXIS2_PLACEMENT_3D('',#2315,#2316,#2317);
#2315 = CARTESIAN_POINT('',(-10.35,49.85,0.));
#2316 = DIRECTION('',(0.,-0.,-1.));
#2317 = DIRECTION('',(0.,1.,0.));
#2318 = ADVANCED_FACE('',(#2319),#2338,.F.);
#2319 = FACE_BOUND('',#2320,.T.);
#2320 = EDGE_LOOP('',(#2321,#2329,#2330,#2331));
#2321 = ORIENTED_EDGE('',*,*,#2322,.T.);
#2322 = EDGE_CURVE('',#2323,#826,#2325,.T.);
#2323 = VERTEX_POINT('',#2324);
#2324 = CARTESIAN_POINT('',(-10.35,63.15,0.));
#2325 = LINE('',#2326,#2327);
#2326 = CARTESIAN_POINT('',(-10.35,63.15,0.));
#2327 = VECTOR('',#2328,1.);
#2328 = DIRECTION('',(0.,0.,1.));
#2329 = ORIENTED_EDGE('',*,*,#825,.T.);
#2330 = ORIENTED_EDGE('',*,*,#2322,.F.);
#2331 = ORIENTED_EDGE('',*,*,#2332,.F.);
#2332 = EDGE_CURVE('',#2323,#2323,#2333,.T.);
#2333 = CIRCLE('',#2334,1.6);
#2334 = AXIS2_PLACEMENT_3D('',#2335,#2336,#2337);
#2335 = CARTESIAN_POINT('',(-10.35,61.55,0.));
#2336 = DIRECTION('',(0.,-0.,1.));
#2337 = DIRECTION('',(0.,1.,0.));
#2338 = CYLINDRICAL_SURFACE('',#2339,1.6);
#2339 = AXIS2_PLACEMENT_3D('',#2340,#2341,#2342);
#2340 = CARTESIAN_POINT('',(-10.35,61.55,0.));
#2341 = DIRECTION('',(0.,-0.,-1.));
#2342 = DIRECTION('',(0.,1.,0.));
#2343 = ADVANCED_FACE('',(#2344),#2363,.F.);
#2344 = FACE_BOUND('',#2345,.T.);
#2345 = EDGE_LOOP('',(#2346,#2354,#2355,#2356));
#2346 = ORIENTED_EDGE('',*,*,#2347,.T.);
#2347 = EDGE_CURVE('',#2348,#837,#2350,.T.);
#2348 = VERTEX_POINT('',#2349);
#2349 = CARTESIAN_POINT('',(51.45,10.35,0.));
#2350 = LINE('',#2351,#2352);
#2351 = CARTESIAN_POINT('',(51.45,10.35,0.));
#2352 = VECTOR('',#2353,1.);
#2353 = DIRECTION('',(0.,0.,1.));
#2354 = ORIENTED_EDGE('',*,*,#836,.T.);
#2355 = ORIENTED_EDGE('',*,*,#2347,.F.);
#2356 = ORIENTED_EDGE('',*,*,#2357,.F.);
#2357 = EDGE_CURVE('',#2348,#2348,#2358,.T.);
#2358 = CIRCLE('',#2359,1.6);
#2359 = AXIS2_PLACEMENT_3D('',#2360,#2361,#2362);
#2360 = CARTESIAN_POINT('',(49.85,10.35,0.));
#2361 = DIRECTION('',(0.,0.,1.));
#2362 = DIRECTION('',(1.,0.,0.));
#2363 = CYLINDRICAL_SURFACE('',#2364,1.6);
#2364 = AXIS2_PLACEMENT_3D('',#2365,#2366,#2367);
#2365 = CARTESIAN_POINT('',(49.85,10.35,0.));
#2366 = DIRECTION('',(-0.,-0.,-1.));
#2367 = DIRECTION('',(1.,0.,0.));
#2368 = ADVANCED_FACE('',(#2369),#2388,.F.);
#2369 = FACE_BOUND('',#2370,.T.);
#2370 = EDGE_LOOP('',(#2371,#2379,#2380,#2381));
#2371 = ORIENTED_EDGE('',*,*,#2372,.T.);
#2372 = EDGE_CURVE('',#2373,#848,#2375,.T.);
#2373 = VERTEX_POINT('',#2374);
#2374 = CARTESIAN_POINT('',(63.15,10.35,0.));
#2375 = LINE('',#2376,#2377);
#2376 = CARTESIAN_POINT('',(63.15,10.35,0.));
#2377 = VECTOR('',#2378,1.);
#2378 = DIRECTION('',(0.,0.,1.));
#2379 = ORIENTED_EDGE('',*,*,#847,.T.);
#2380 = ORIENTED_EDGE('',*,*,#2372,.F.);
#2381 = ORIENTED_EDGE('',*,*,#2382,.F.);
#2382 = EDGE_CURVE('',#2373,#2373,#2383,.T.);
#2383 = CIRCLE('',#2384,1.6);
#2384 = AXIS2_PLACEMENT_3D('',#2385,#2386,#2387);
#2385 = CARTESIAN_POINT('',(61.55,10.35,0.));
#2386 = DIRECTION('',(0.,0.,1.));
#2387 = DIRECTION('',(1.,0.,0.));
#2388 = CYLINDRICAL_SURFACE('',#2389,1.6);
#2389 = AXIS2_PLACEMENT_3D('',#2390,#2391,#2392);
#2390 = CARTESIAN_POINT('',(61.55,10.35,0.));
#2391 = DIRECTION('',(-0.,-0.,-1.));
#2392 = DIRECTION('',(1.,0.,0.));
#2393 = ADVANCED_FACE('',(#2394),#2413,.F.);
#2394 = FACE_BOUND('',#2395,.F.);
#2395 = EDGE_LOOP('',(#2396,#2404,#2405,#2406));
#2396 = ORIENTED_EDGE('',*,*,#2397,.T.);
#2397 = EDGE_CURVE('',#2398,#859,#2400,.T.);
#2398 = VERTEX_POINT('',#2399);
#2399 = CARTESIAN_POINT('',(10.35,51.45,-5.E-15));
#2400 = LINE('',#2401,#2402);
#2401 = CARTESIAN_POINT('',(10.35,51.45,-4.6E-15));
#2402 = VECTOR('',#2403,1.);
#2403 = DIRECTION('',(4.4E-16,0.,1.));
#2404 = ORIENTED_EDGE('',*,*,#858,.T.);
#2405 = ORIENTED_EDGE('',*,*,#2397,.F.);
#2406 = ORIENTED_EDGE('',*,*,#2407,.F.);
#2407 = EDGE_CURVE('',#2398,#2398,#2408,.T.);
#2408 = CIRCLE('',#2409,1.6);
#2409 = AXIS2_PLACEMENT_3D('',#2410,#2411,#2412);
#2410 = CARTESIAN_POINT('',(10.35,49.85,-4.6E-15));
#2411 = DIRECTION('',(-4.4E-16,0.,-1.));
#2412 = DIRECTION('',(1.1E-16,1.,-4.84E-32));
#2413 = CYLINDRICAL_SURFACE('',#2414,1.6);
#2414 = AXIS2_PLACEMENT_3D('',#2415,#2416,#2417);
#2415 = CARTESIAN_POINT('',(10.35,49.85,-4.6E-15));
#2416 = DIRECTION('',(-4.4E-16,0.,-1.));
#2417 = DIRECTION('',(1.1E-16,1.,-4.84E-32));
#2418 = ADVANCED_FACE('',(#2419),#2444,.F.);
#2419 = FACE_BOUND('',#2420,.T.);
#2420 = EDGE_LOOP('',(#2421,#2429,#2430,#2438));
#2421 = ORIENTED_EDGE('',*,*,#2422,.T.);
#2422 = EDGE_CURVE('',#2423,#870,#2425,.T.);
#2423 = VERTEX_POINT('',#2424);
#2424 = CARTESIAN_POINT('',(3.,48.2,-1.E-15));
#2425 = LINE('',#2426,#2427);
#2426 = CARTESIAN_POINT('',(3.,48.2,-1.33E-15));
#2427 = VECTOR('',#2428,1.);
#2428 = DIRECTION('',(4.4E-16,0.,1.));
#2429 = ORIENTED_EDGE('',*,*,#869,.T.);
#2430 = ORIENTED_EDGE('',*,*,#2431,.F.);
#2431 = EDGE_CURVE('',#2432,#872,#2434,.T.);
#2432 = VERTEX_POINT('',#2433);
#2433 = CARTESIAN_POINT('',(3.,63.2,-1.E-15));
#2434 = LINE('',#2435,#2436);
#2435 = CARTESIAN_POINT('',(3.,63.2,-1.33E-15));
#2436 = VECTOR('',#2437,1.);
#2437 = DIRECTION('',(4.4E-16,0.,1.));
#2438 = ORIENTED_EDGE('',*,*,#2439,.F.);
#2439 = EDGE_CURVE('',#2423,#2432,#2440,.T.);
#2440 = LINE('',#2441,#2442);
#2441 = CARTESIAN_POINT('',(3.,48.2,-1.33E-15));
#2442 = VECTOR('',#2443,1.);
#2443 = DIRECTION('',(1.1E-16,1.,0.));
#2444 = PLANE('',#2445);
#2445 = AXIS2_PLACEMENT_3D('',#2446,#2447,#2448);
#2446 = CARTESIAN_POINT('',(3.,48.2,-1.33E-15));
#2447 = DIRECTION('',(1.,-1.1E-16,-4.4E-16));
#2448 = DIRECTION('',(-1.1E-16,-1.,-0.));
#2449 = ADVANCED_FACE('',(#2450),#2468,.T.);
#2450 = FACE_BOUND('',#2451,.T.);
#2451 = EDGE_LOOP('',(#2452,#2453,#2461,#2467));
#2452 = ORIENTED_EDGE('',*,*,#2422,.F.);
#2453 = ORIENTED_EDGE('',*,*,#2454,.T.);
#2454 = EDGE_CURVE('',#2423,#2455,#2457,.T.);
#2455 = VERTEX_POINT('',#2456);
#2456 = CARTESIAN_POINT('',(-3.,48.2,0.));
#2457 = LINE('',#2458,#2459);
#2458 = CARTESIAN_POINT('',(5.35E-15,48.2,0.));
#2459 = VECTOR('',#2460,1.);
#2460 = DIRECTION('',(-1.,1.1E-16,0.));
#2461 = ORIENTED_EDGE('',*,*,#2462,.T.);
#2462 = EDGE_CURVE('',#2455,#880,#2463,.T.);
#2463 = LINE('',#2464,#2465);
#2464 = CARTESIAN_POINT('',(-3.,48.2,0.));
#2465 = VECTOR('',#2466,1.);
#2466 = DIRECTION('',(0.,0.,1.));
#2467 = ORIENTED_EDGE('',*,*,#879,.T.);
#2468 = PLANE('',#2469);
#2469 = AXIS2_PLACEMENT_3D('',#2470,#2471,#2472);
#2470 = CARTESIAN_POINT('',(5.66E-15,48.2,1.));
#2471 = DIRECTION('',(0.,1.,0.));
#2472 = DIRECTION('',(0.,0.,1.));
#2473 = ADVANCED_FACE('',(#2474),#2492,.T.);
#2474 = FACE_BOUND('',#2475,.T.);
#2475 = EDGE_LOOP('',(#2476,#2477,#2478,#2486));
#2476 = ORIENTED_EDGE('',*,*,#2431,.T.);
#2477 = ORIENTED_EDGE('',*,*,#895,.F.);
#2478 = ORIENTED_EDGE('',*,*,#2479,.F.);
#2479 = EDGE_CURVE('',#2480,#888,#2482,.T.);
#2480 = VERTEX_POINT('',#2481);
#2481 = CARTESIAN_POINT('',(-3.,63.2,0.));
#2482 = LINE('',#2483,#2484);
#2483 = CARTESIAN_POINT('',(-3.,63.2,0.));
#2484 = VECTOR('',#2485,1.);
#2485 = DIRECTION('',(0.,0.,1.));
#2486 = ORIENTED_EDGE('',*,*,#2487,.F.);
#2487 = EDGE_CURVE('',#2432,#2480,#2488,.T.);
#2488 = LINE('',#2489,#2490);
#2489 = CARTESIAN_POINT('',(3.,63.2,-1.33E-15));
#2490 = VECTOR('',#2491,1.);
#2491 = DIRECTION('',(-1.,1.1E-16,4.4E-16));
#2492 = PLANE('',#2493);
#2493 = AXIS2_PLACEMENT_3D('',#2494,#2495,#2496);
#2494 = CARTESIAN_POINT('',(7.44E-15,63.2,1.));
#2495 = DIRECTION('',(-0.,-1.,-0.));
#2496 = DIRECTION('',(0.,0.,-1.));
#2497 = ADVANCED_FACE('',(#2498),#2509,.F.);
#2498 = FACE_BOUND('',#2499,.F.);
#2499 = EDGE_LOOP('',(#2500,#2501,#2502,#2503));
#2500 = ORIENTED_EDGE('',*,*,#2462,.T.);
#2501 = ORIENTED_EDGE('',*,*,#887,.T.);
#2502 = ORIENTED_EDGE('',*,*,#2479,.F.);
#2503 = ORIENTED_EDGE('',*,*,#2504,.F.);
#2504 = EDGE_CURVE('',#2455,#2480,#2505,.T.);
#2505 = LINE('',#2506,#2507);
#2506 = CARTESIAN_POINT('',(-3.,48.2,0.));
#2507 = VECTOR('',#2508,1.);
#2508 = DIRECTION('',(0.,1.,0.));
#2509 = PLANE('',#2510);
#2510 = AXIS2_PLACEMENT_3D('',#2511,#2512,#2513);
#2511 = CARTESIAN_POINT('',(-3.,48.2,0.));
#2512 = DIRECTION('',(-1.,0.,0.));
#2513 = DIRECTION('',(0.,1.,0.));
#2514 = ADVANCED_FACE('',(#2515),#2534,.F.);
#2515 = FACE_BOUND('',#2516,.F.);
#2516 = EDGE_LOOP('',(#2517,#2525,#2526,#2527));
#2517 = ORIENTED_EDGE('',*,*,#2518,.T.);
#2518 = EDGE_CURVE('',#2519,#904,#2521,.T.);
#2519 = VERTEX_POINT('',#2520);
#2520 = CARTESIAN_POINT('',(10.35,63.15,-5.E-15));
#2521 = LINE('',#2522,#2523);
#2522 = CARTESIAN_POINT('',(10.35,63.15,-4.6E-15));
#2523 = VECTOR('',#2524,1.);
#2524 = DIRECTION('',(4.4E-16,0.,1.));
#2525 = ORIENTED_EDGE('',*,*,#903,.T.);
#2526 = ORIENTED_EDGE('',*,*,#2518,.F.);
#2527 = ORIENTED_EDGE('',*,*,#2528,.F.);
#2528 = EDGE_CURVE('',#2519,#2519,#2529,.T.);
#2529 = CIRCLE('',#2530,1.6);
#2530 = AXIS2_PLACEMENT_3D('',#2531,#2532,#2533);
#2531 = CARTESIAN_POINT('',(10.35,61.55,-4.6E-15));
#2532 = DIRECTION('',(-4.4E-16,0.,-1.));
#2533 = DIRECTION('',(1.1E-16,1.,-4.84E-32));
#2534 = CYLINDRICAL_SURFACE('',#2535,1.6);
#2535 = AXIS2_PLACEMENT_3D('',#2536,#2537,#2538);
#2536 = CARTESIAN_POINT('',(10.35,61.55,-4.6E-15));
#2537 = DIRECTION('',(-4.4E-16,0.,-1.));
#2538 = DIRECTION('',(1.1E-16,1.,-4.84E-32));
#2539 = ADVANCED_FACE('',(#2540,#2562,#2565,#2568,#2571,#2574,#2580,
    #2583,#2589,#2592,#2595,#2598,#2601,#2604,#2610,#2613,#2616,#2619,
    #2622,#2628,#2631,#2634,#2637,#2640),#2643,.T.);
#2540 = FACE_BOUND('',#2541,.T.);
#2541 = EDGE_LOOP('',(#2542,#2543,#2544,#2545,#2546,#2547,#2548,#2549,
    #2550,#2551,#2552,#2553,#2554,#2555,#2556,#2557,#2558,#2559,#2560,
    #2561));
#2542 = ORIENTED_EDGE('',*,*,#1653,.T.);
#2543 = ORIENTED_EDGE('',*,*,#1629,.F.);
#2544 = ORIENTED_EDGE('',*,*,#1605,.F.);
#2545 = ORIENTED_EDGE('',*,*,#1581,.F.);
#2546 = ORIENTED_EDGE('',*,*,#1557,.T.);
#2547 = ORIENTED_EDGE('',*,*,#1533,.T.);
#2548 = ORIENTED_EDGE('',*,*,#1509,.F.);
#2549 = ORIENTED_EDGE('',*,*,#1485,.F.);
#2550 = ORIENTED_EDGE('',*,*,#1461,.F.);
#2551 = ORIENTED_EDGE('',*,*,#1437,.T.);
#2552 = ORIENTED_EDGE('',*,*,#1413,.T.);
#2553 = ORIENTED_EDGE('',*,*,#1389,.F.);
#2554 = ORIENTED_EDGE('',*,*,#1365,.F.);
#2555 = ORIENTED_EDGE('',*,*,#1332,.F.);
#2556 = ORIENTED_EDGE('',*,*,#1317,.T.);
#2557 = ORIENTED_EDGE('',*,*,#1293,.T.);
#2558 = ORIENTED_EDGE('',*,*,#1269,.F.);
#2559 = ORIENTED_EDGE('',*,*,#1245,.F.);
#2560 = ORIENTED_EDGE('',*,*,#1212,.T.);
#2561 = ORIENTED_EDGE('',*,*,#1670,.T.);
#2562 = FACE_BOUND('',#2563,.T.);
#2563 = EDGE_LOOP('',(#2564));
#2564 = ORIENTED_EDGE('',*,*,#2036,.T.);
#2565 = FACE_BOUND('',#2566,.T.);
#2566 = EDGE_LOOP('',(#2567));
#2567 = ORIENTED_EDGE('',*,*,#2061,.T.);
#2568 = FACE_BOUND('',#2569,.T.);
#2569 = EDGE_LOOP('',(#2570));
#2570 = ORIENTED_EDGE('',*,*,#2111,.F.);
#2571 = FACE_BOUND('',#2572,.T.);
#2572 = EDGE_LOOP('',(#2573));
#2573 = ORIENTED_EDGE('',*,*,#2086,.F.);
#2574 = FACE_BOUND('',#2575,.T.);
#2575 = EDGE_LOOP('',(#2576,#2577,#2578,#2579));
#2576 = ORIENTED_EDGE('',*,*,#2191,.F.);
#2577 = ORIENTED_EDGE('',*,*,#2208,.F.);
#2578 = ORIENTED_EDGE('',*,*,#2158,.T.);
#2579 = ORIENTED_EDGE('',*,*,#2143,.T.);
#2580 = FACE_BOUND('',#2581,.T.);
#2581 = EDGE_LOOP('',(#2582));
#2582 = ORIENTED_EDGE('',*,*,#2010,.T.);
#2583 = FACE_BOUND('',#2584,.T.);
#2584 = EDGE_LOOP('',(#2585,#2586,#2587,#2588));
#2585 = ORIENTED_EDGE('',*,*,#1772,.F.);
#2586 = ORIENTED_EDGE('',*,*,#1791,.F.);
#2587 = ORIENTED_EDGE('',*,*,#1750,.T.);
#2588 = ORIENTED_EDGE('',*,*,#1726,.T.);
#2589 = FACE_BOUND('',#2590,.T.);
#2590 = EDGE_LOOP('',(#2591));
#2591 = ORIENTED_EDGE('',*,*,#1694,.F.);
#2592 = FACE_BOUND('',#2593,.T.);
#2593 = EDGE_LOOP('',(#2594));
#2594 = ORIENTED_EDGE('',*,*,#1815,.F.);
#2595 = FACE_BOUND('',#2596,.T.);
#2596 = EDGE_LOOP('',(#2597));
#2597 = ORIENTED_EDGE('',*,*,#1985,.T.);
#2598 = FACE_BOUND('',#2599,.T.);
#2599 = EDGE_LOOP('',(#2600));
#2600 = ORIENTED_EDGE('',*,*,#1865,.T.);
#2601 = FACE_BOUND('',#2602,.T.);
#2602 = EDGE_LOOP('',(#2603));
#2603 = ORIENTED_EDGE('',*,*,#1840,.T.);
#2604 = FACE_BOUND('',#2605,.T.);
#2605 = EDGE_LOOP('',(#2606,#2607,#2608,#2609));
#2606 = ORIENTED_EDGE('',*,*,#1943,.T.);
#2607 = ORIENTED_EDGE('',*,*,#1962,.F.);
#2608 = ORIENTED_EDGE('',*,*,#1921,.F.);
#2609 = ORIENTED_EDGE('',*,*,#1897,.T.);
#2610 = FACE_BOUND('',#2611,.T.);
#2611 = EDGE_LOOP('',(#2612));
#2612 = ORIENTED_EDGE('',*,*,#2382,.T.);
#2613 = FACE_BOUND('',#2614,.T.);
#2614 = EDGE_LOOP('',(#2615));
#2615 = ORIENTED_EDGE('',*,*,#2357,.T.);
#2616 = FACE_BOUND('',#2617,.T.);
#2617 = EDGE_LOOP('',(#2618));
#2618 = ORIENTED_EDGE('',*,*,#2407,.F.);
#2619 = FACE_BOUND('',#2620,.T.);
#2620 = EDGE_LOOP('',(#2621));
#2621 = ORIENTED_EDGE('',*,*,#2528,.F.);
#2622 = FACE_BOUND('',#2623,.T.);
#2623 = EDGE_LOOP('',(#2624,#2625,#2626,#2627));
#2624 = ORIENTED_EDGE('',*,*,#2487,.T.);
#2625 = ORIENTED_EDGE('',*,*,#2504,.F.);
#2626 = ORIENTED_EDGE('',*,*,#2454,.F.);
#2627 = ORIENTED_EDGE('',*,*,#2439,.T.);
#2628 = FACE_BOUND('',#2629,.T.);
#2629 = EDGE_LOOP('',(#2630));
#2630 = ORIENTED_EDGE('',*,*,#2281,.T.);
#2631 = FACE_BOUND('',#2632,.T.);
#2632 = EDGE_LOOP('',(#2633));
#2633 = ORIENTED_EDGE('',*,*,#2257,.F.);
#2634 = FACE_BOUND('',#2635,.T.);
#2635 = EDGE_LOOP('',(#2636));
#2636 = ORIENTED_EDGE('',*,*,#2232,.F.);
#2637 = FACE_BOUND('',#2638,.T.);
#2638 = EDGE_LOOP('',(#2639));
#2639 = ORIENTED_EDGE('',*,*,#2307,.T.);
#2640 = FACE_BOUND('',#2641,.T.);
#2641 = EDGE_LOOP('',(#2642));
#2642 = ORIENTED_EDGE('',*,*,#2332,.T.);
#2643 = PLANE('',#2644);
#2644 = AXIS2_PLACEMENT_3D('',#2645,#2646,#2647);
#2645 = CARTESIAN_POINT('',(-5.4E-16,3.49E-15,-4.13E-15));
#2646 = DIRECTION('',(-0.,-0.,-1.));
#2647 = DIRECTION('',(-1.,0.,0.));
#2648 = ( GEOMETRIC_REPRESENTATION_CONTEXT(3) 
GLOBAL_UNCERTAINTY_ASSIGNED_CONTEXT((#2652)) 
GLOBAL_UNIT_ASSIGNED_CONTEXT((#2649,#2650,#2651)) REPRESENTATION_CONTEXT
('Context #1','3D Context with UNIT and UNCERTAINTY') );
#2649 = ( LENGTH_UNIT() NAMED_UNIT(*) SI_UNIT(.MILLI.,.METRE.) );
#2650 = ( NAMED_UNIT(*) PLANE_ANGLE_UNIT() SI_UNIT($,.RADIAN.) );
#2651 = ( NAMED_UNIT(*) SI_UNIT($,.STERADIAN.) SOLID_ANGLE_UNIT() );
#2652 = UNCERTAINTY_MEASURE_WITH_UNIT(LENGTH_MEASURE(1.E-07),#2649,
  'distance_accuracy_value','confusion accuracy');
#2653 = PRODUCT_RELATED_PRODUCT_CATEGORY('part',$,(#7));
#2654 = MECHANICAL_DESIGN_GEOMETRIC_PRESENTATION_REPRESENTATION('',(
    #2655),#2648);
#2655 = STYLED_ITEM('color',(#2656),#15);
#2656 = PRESENTATION_STYLE_ASSIGNMENT((#2657,#2663));
#2657 = SURFACE_STYLE_USAGE(.BOTH.,#2658);
#2658 = SURFACE_SIDE_STYLE('',(#2659));
#2659 = SURFACE_STYLE_FILL_AREA(#2660);
#2660 = FILL_AREA_STYLE('',(#2661));
#2661 = FILL_AREA_STYLE_COLOUR('',#2662);
#2662 = COLOUR_RGB('',0.447059003357,0.474510015008,0.501960993452);
#2663 = CURVE_STYLE('',#2664,POSITIVE_LENGTH_MEASURE(0.1),#2665);
#2664 = DRAUGHTING_PRE_DEFINED_CURVE_FONT('continuous');
#2665 = COLOUR_RGB('',9.803921802644E-02,9.803921802644E-02,
  9.803921802644E-02);
ENDSEC;
END-ISO-10303-21;
